,Temp
0,14.055555555555554
1,13.38888888888889
2,13.27777777777778
3,13.833333333333334
4,13.666666666666666
5,14.5
6,16.11111111111111
7,14.27777777777778
8,13.944444444444445
9,15.0
10,13.944444444444445
11,12.555555555555555
12,13.499999999999998
13,14.61111111111111
14,15.72222222222222
15,13.61111111111111
16,12.111111111111107
17,11.333333333333334
18,12.555555555555555
19,12.22222222222222
20,10.833333333333334
21,13.0
22,12.944444444444445
23,13.444444444444446
24,14.22222222222222
25,13.722222222222223
26,13.722222222222223
27,13.88888888888889
28,14.833333333333334
29,14.22222222222222
30,13.499999999999998
31,14.77777777777778
32,13.499999999999998
33,13.555555555555555
34,14.055555555555554
35,13.666666666666666
36,13.88888888888889
37,12.555555555555555
38,11.61111111111111
39,12.5
40,13.11111111111111
41,13.499999999999998
42,13.88888888888889
43,17.666666666666668
44,16.22222222222222
45,14.61111111111111
46,14.444444444444445
47,14.61111111111111
48,14.055555555555554
49,14.11111111111111
50,14.166666666666666
51,13.944444444444445
52,13.11111111111111
53,14.77777777777778
54,13.833333333333334
55,13.944444444444445
56,14.22222222222222
57,13.88888888888889
58,14.77777777777778
59,14.22222222222222
60,15.27777777777778
61,20.27777777777778
62,19.111111111111114
63,17.83333333333333
64,16.38888888888889
65,16.333333333333332
66,15.38888888888889
67,15.11111111111111
68,15.055555555555555
69,14.38888888888889
70,15.944444444444445
71,14.61111111111111
72,18.000000000000004
73,19.77777777777777
74,16.5
75,16.5
76,15.166666666666666
77,16.333333333333332
78,16.11111111111111
79,17.333333333333332
80,17.22222222222222
81,17.72222222222222
82,16.5
83,13.0
84,14.61111111111111
85,15.77777777777778
86,14.38888888888889
87,15.666666666666666
88,17.333333333333332
89,16.666666666666668
90,18.38888888888889
91,15.444444444444445
92,13.444444444444446
93,13.777777777777777
94,14.38888888888889
95,16.77777777777778
96,16.666666666666668
97,18.22222222222222
98,21.0
99,18.166666666666668
100,16.61111111111111
101,15.333333333333334
102,19.111111111111114
103,17.444444444444443
104,16.833333333333332
105,17.88888888888889
106,20.38888888888889
107,19.27777777777778
108,17.77777777777778
109,16.38888888888889
110,16.61111111111111
111,17.5
112,18.05555555555556
113,17.22222222222222
114,17.944444444444443
115,18.77777777777778
116,20.11111111111111
117,21.5
118,18.833333333333336
119,19.111111111111114
120,19.77777777777777
121,19.55555555555556
122,18.61111111111111
123,19.0
124,18.38888888888889
125,18.55555555555556
126,18.61111111111111
127,18.444444444444443
128,17.72222222222222
129,18.77777777777778
130,19.55555555555556
131,19.72222222222222
132,21.22222222222222
133,21.5
134,21.22222222222222
135,20.55555555555556
136,20.05555555555556
137,20.72222222222222
138,20.666666666666668
139,22.83333333333333
140,21.05555555555556
141,23.666666666666664
142,23.833333333333336
143,25.0
144,23.000000000000004
145,22.722222222222225
146,23.000000000000004
147,23.444444444444443
148,23.55555555555556
149,24.66666666666667
150,23.22222222222222
151,22.77777777777778
152,23.05555555555556
153,23.33333333333333
154,23.666666666666664
155,23.000000000000004
156,23.444444444444443
157,23.944444444444443
158,25.33333333333333
159,24.33333333333333
160,23.666666666666664
161,24.05555555555556
162,24.55555555555556
163,25.27777777777778
164,25.72222222222222
165,25.166666666666668
166,25.38888888888889
167,25.611111111111107
168,25.0
169,25.777777777777786
170,25.500000000000004
171,26.0
172,26.27777777777778
173,26.333333333333336
174,26.05555555555556
175,25.611111111111107
176,25.444444444444443
177,26.11111111111111
178,27.55555555555556
179,26.77777777777778
180,26.666666666666668
181,28.000000000000004
182,28.83333333333333
183,26.55555555555556
184,27.0
185,26.611111111111114
186,27.05555555555556
187,27.11111111111111
188,26.83333333333333
189,27.22222222222222
190,26.77777777777778
191,26.22222222222222
192,25.777777777777786
193,26.22222222222222
194,26.55555555555556
195,26.27777777777778
196,26.611111111111114
197,26.666666666666668
198,26.83333333333333
199,27.11111111111111
200,26.944444444444443
201,27.05555555555556
202,26.611111111111114
203,26.666666666666668
204,26.888888888888893
205,26.666666666666668
206,27.05555555555556
207,27.444444444444446
208,27.33333333333333
209,27.16666666666667
210,27.05555555555556
211,27.55555555555556
212,27.444444444444446
213,27.33333333333333
214,27.33333333333333
215,27.5
216,27.61111111111111
217,27.55555555555556
218,27.33333333333333
219,27.16666666666667
220,27.38888888888889
221,28.000000000000004
222,27.16666666666667
223,27.33333333333333
224,27.88888888888889
225,28.166666666666668
226,27.83333333333333
227,27.666666666666668
228,27.722222222222225
229,27.55555555555556
230,27.33333333333333
231,26.55555555555556
232,27.55555555555556
233,27.88888888888889
234,27.33333333333333
235,27.444444444444446
236,27.55555555555556
237,28.000000000000004
238,27.944444444444443
239,28.000000000000004
240,28.5
241,28.000000000000004
242,27.05555555555556
243,16.38888888888889
244,15.22222222222222
245,15.11111111111111
246,15.11111111111111
247,13.944444444444445
248,11.88888888888889
249,12.055555555555555
250,13.722222222222223
251,16.5
252,18.666666666666664
253,22.88888888888889
254,19.166666666666668
255,16.61111111111111
256,15.61111111111111
257,16.88888888888889
258,17.0
259,16.61111111111111
260,17.22222222222222
261,17.444444444444443
262,16.5
263,17.61111111111111
264,17.333333333333332
265,16.22222222222222
266,18.05555555555556
267,14.944444444444445
268,20.222222222222225
269,19.72222222222222
270,17.77777777777778
271,17.0
272,18.55555555555556
273,17.38888888888889
274,16.11111111111111
275,16.27777777777778
276,16.444444444444443
277,16.38888888888889
278,18.72222222222222
279,19.66666666666667
280,21.666666666666668
281,22.83333333333333
282,20.38888888888889
283,27.05555555555556
284,20.500000000000004
285,18.833333333333336
286,18.88888888888889
287,19.5
288,20.55555555555556
289,20.11111111111111
290,21.05555555555556
291,22.38888888888889
292,20.83333333333333
293,21.5
294,26.72222222222221
295,20.88888888888889
296,23.166666666666668
297,21.666666666666668
298,20.55555555555556
299,20.666666666666668
300,21.666666666666668
301,21.444444444444443
302,21.11111111111111
303,21.444444444444443
304,22.11111111111111
305,23.33333333333333
306,22.944444444444443
307,23.61111111111111
308,22.666666666666668
309,22.55555555555556
310,22.38888888888889
311,22.27777777777777
312,24.166666666666668
313,23.05555555555556
314,22.88888888888889
315,22.666666666666668
316,21.55555555555556
317,22.77777777777778
318,23.61111111111111
319,24.5
320,25.72222222222222
321,24.22222222222221
322,24.33333333333333
323,23.88888888888889
324,24.388888888888893
325,24.444444444444443
326,24.33333333333333
327,24.55555555555556
328,24.944444444444446
329,24.5
330,24.944444444444446
331,24.444444444444443
332,24.05555555555556
333,24.388888888888893
334,23.72222222222222
335,24.444444444444443
336,24.72222222222222
337,24.944444444444446
338,24.88888888888889
339,25.33333333333333
340,26.27777777777778
341,26.22222222222222
342,26.22222222222222
343,25.777777777777786
344,26.333333333333336
345,26.05555555555556
346,27.05555555555556
347,27.0
348,26.38888888888889
349,26.333333333333336
350,26.22222222222222
351,26.611111111111114
352,26.83333333333333
353,27.0
354,26.333333333333336
355,27.05555555555556
356,26.444444444444443
357,26.55555555555556
358,26.72222222222221
359,26.55555555555556
360,27.33333333333333
361,27.33333333333333
362,27.22222222222222
363,27.5
364,27.5
365,27.27777777777777
366,27.11111111111111
367,26.944444444444443
368,26.611111111111114
369,27.5
370,28.33333333333333
371,27.666666666666668
372,27.83333333333333
373,27.16666666666667
374,26.22222222222222
375,27.33333333333333
376,27.77777777777778
377,27.27777777777777
378,27.16666666666667
379,27.27777777777777
380,26.83333333333333
381,27.666666666666668
382,27.38888888888889
383,27.5
384,28.05555555555556
385,28.22222222222222
386,28.22222222222222
387,27.83333333333333
388,27.83333333333333
389,27.88888888888889
390,28.000000000000004
391,27.722222222222225
392,27.722222222222225
393,27.444444444444446
394,27.22222222222222
395,26.38888888888889
396,26.55555555555556
397,26.72222222222221
398,27.0
399,27.61111111111111
400,27.05555555555556
401,27.0
402,27.83333333333333
403,27.5
404,27.22222222222222
405,27.38888888888889
406,27.05555555555556
407,27.444444444444446
408,27.33333333333333
409,27.27777777777777
410,28.55555555555556
411,27.38888888888889
412,26.72222222222221
413,26.72222222222221
414,26.333333333333336
415,25.38888888888889
416,25.83333333333333
417,26.611111111111114
418,26.444444444444443
419,26.666666666666668
420,26.444444444444443
421,26.22222222222222
422,25.166666666666668
423,25.222222222222225
424,27.77777777777778
425,27.88888888888889
426,26.444444444444443
427,25.88888888888889
428,25.444444444444443
429,26.611111111111114
430,26.05555555555556
431,25.55555555555556
432,24.388888888888893
433,25.55555555555556
434,25.500000000000004
435,24.5
436,24.83333333333333
437,24.72222222222222
438,23.5
439,23.61111111111111
440,24.111111111111114
441,24.61111111111111
442,24.22222222222221
443,23.88888888888889
444,25.0
445,25.55555555555556
446,24.61111111111111
447,24.27777777777778
448,22.33333333333333
449,22.33333333333333
450,21.444444444444443
451,26.666666666666668
452,25.0
453,23.38888888888889
454,22.55555555555556
455,21.888888888888893
456,21.333333333333336
457,22.55555555555556
458,21.22222222222222
459,20.72222222222222
460,19.55555555555556
461,16.333333333333332
462,18.666666666666664
463,19.0
464,19.388888888888893
465,19.61111111111111
466,19.77777777777777
467,19.72222222222222
468,19.111111111111114
469,18.22222222222222
470,18.61111111111111
471,18.666666666666664
472,19.33333333333333
473,20.0
474,24.66666666666667
475,23.944444444444443
476,19.72222222222222
477,19.944444444444446
478,22.444444444444446
479,21.77777777777778
480,22.33333333333333
481,20.166666666666668
482,20.777777777777786
483,20.222222222222225
484,19.72222222222222
485,19.05555555555556
486,18.77777777777778
487,20.11111111111111
488,20.777777777777786
489,19.72222222222222
490,18.88888888888889
491,19.5
492,17.83333333333333
493,17.666666666666668
494,19.111111111111114
495,17.72222222222222
496,19.166666666666668
497,18.55555555555556
498,18.111111111111107
499,16.833333333333332
500,17.0
501,16.77777777777778
502,16.0
503,15.27777777777778
504,15.5
505,16.11111111111111
506,15.333333333333334
507,15.22222222222222
508,15.055555555555555
509,15.11111111111111
510,16.27777777777778
511,17.055555555555557
512,15.77777777777778
513,15.0
514,15.444444444444445
515,16.61111111111111
516,17.333333333333332
517,16.27777777777778
518,15.88888888888889
519,16.11111111111111
520,15.61111111111111
521,18.05555555555556
522,14.38888888888889
523,15.0
524,14.444444444444445
525,14.38888888888889
526,13.777777777777777
527,14.000000000000002
528,13.833333333333334
529,14.22222222222222
530,15.833333333333334
531,16.72222222222222
532,16.166666666666668
533,18.22222222222222
534,16.333333333333332
535,14.166666666666666
536,17.944444444444443
537,19.0
538,17.944444444444443
539,15.166666666666666
540,11.77777777777778
541,12.27777777777778
542,12.055555555555555
543,13.27777777777778
544,13.833333333333334
545,13.333333333333334
546,13.11111111111111
547,11.277777777777777
548,11.833333333333332
549,13.777777777777777
550,15.61111111111111
551,12.611111111111112
552,12.944444444444445
553,12.72222222222222
554,12.388888888888888
555,11.38888888888889
556,9.444444444444445
557,11.833333333333332
558,12.611111111111112
559,12.27777777777778
560,9.000000000000002
561,9.22222222222222
562,10.111111111111112
563,8.055555555555555
564,9.833333333333336
565,10.5
566,10.444444444444445
567,11.833333333333332
568,12.055555555555555
569,12.611111111111112
570,13.944444444444445
571,15.11111111111111
572,14.333333333333334
573,16.166666666666668
574,14.666666666666666
575,15.666666666666666
576,13.499999999999998
577,12.888888888888893
578,13.833333333333334
579,14.11111111111111
580,12.27777777777778
581,12.444444444444445
582,15.333333333333334
583,13.333333333333334
584,14.444444444444445
585,14.5
586,15.27777777777778
587,14.333333333333334
588,14.61111111111111
589,16.0
590,13.166666666666668
591,10.77777777777778
592,13.666666666666666
593,13.0
594,16.5
595,16.055555555555557
596,14.166666666666666
597,14.555555555555555
598,12.555555555555555
599,11.444444444444445
600,13.777777777777777
601,16.22222222222222
602,14.77777777777778
603,14.000000000000002
604,20.11111111111111
605,15.77777777777778
606,13.38888888888889
607,13.499999999999998
608,13.22222222222222
609,12.333333333333336
610,12.944444444444445
611,14.555555555555555
612,15.11111111111111
613,14.666666666666666
614,16.333333333333332
615,20.666666666666668
616,19.27777777777778
617,16.22222222222222
618,16.0
619,16.72222222222222
620,16.77777777777778
621,14.72222222222222
622,15.333333333333334
623,14.11111111111111
624,12.111111111111107
625,11.333333333333334
626,13.88888888888889
627,23.55555555555556
628,19.166666666666668
629,16.61111111111111
630,14.61111111111111
631,15.5
632,15.666666666666666
633,18.22222222222222
634,18.88888888888889
635,19.27777777777778
636,23.833333333333336
637,23.72222222222222
638,19.22222222222221
639,17.5
640,17.444444444444443
641,17.72222222222222
642,17.166666666666668
643,17.22222222222222
644,19.66666666666667
645,19.944444444444446
646,18.22222222222222
647,17.77777777777778
648,18.05555555555556
649,18.666666666666664
650,19.61111111111111
651,18.833333333333336
652,19.88888888888889
653,20.0
654,20.55555555555556
655,21.0
656,21.22222222222222
657,20.83333333333333
658,21.166666666666664
659,22.05555555555556
660,20.88888888888889
661,22.5
662,22.38888888888889
663,21.5
664,21.27777777777778
665,21.333333333333336
666,22.722222222222225
667,22.27777777777777
668,22.27777777777777
669,22.55555555555556
670,23.000000000000004
671,22.38888888888889
672,22.444444444444446
673,22.5
674,22.61111111111111
675,22.444444444444446
676,23.111111111111107
677,22.22222222222222
678,23.000000000000004
679,23.666666666666664
680,23.666666666666664
681,24.66666666666667
682,26.611111111111114
683,24.77777777777777
684,24.0
685,23.77777777777778
686,23.833333333333336
687,24.0
688,24.33333333333333
689,24.5
690,24.944444444444446
691,25.222222222222225
692,25.500000000000004
693,26.22222222222222
694,25.38888888888889
695,25.944444444444443
696,26.38888888888889
697,25.777777777777786
698,26.05555555555556
699,26.55555555555556
700,25.83333333333333
701,25.72222222222222
702,25.88888888888889
703,25.944444444444443
704,25.55555555555556
705,25.611111111111107
706,25.944444444444443
707,26.333333333333336
708,27.38888888888889
709,27.0
710,26.77777777777778
711,27.22222222222222
712,26.944444444444443
713,27.27777777777777
714,26.83333333333333
715,27.22222222222222
716,26.77777777777778
717,28.277777777777786
718,27.83333333333333
719,27.11111111111111
720,26.5
721,27.0
722,27.33333333333333
723,28.111111111111107
724,27.05555555555556
725,26.77777777777778
726,27.16666666666667
727,27.22222222222222
728,26.38888888888889
729,26.72222222222221
730,27.22222222222222
731,27.38888888888889
732,27.944444444444443
733,27.0
734,26.944444444444443
735,27.22222222222222
736,26.944444444444443
737,26.666666666666668
738,27.27777777777777
739,26.944444444444443
740,27.16666666666667
741,26.83333333333333
742,28.38888888888889
743,27.22222222222222
744,27.33333333333333
745,27.27777777777777
746,26.83333333333333
747,26.666666666666668
748,26.55555555555556
749,27.22222222222222
750,27.27777777777777
751,26.77777777777778
752,26.5
753,26.5
754,26.444444444444443
755,26.166666666666664
756,26.166666666666664
757,26.05555555555556
758,27.0
759,26.611111111111114
760,26.27777777777778
761,25.611111111111107
762,26.05555555555556
763,25.777777777777786
764,25.55555555555556
765,26.22222222222222
766,26.22222222222222
767,26.55555555555556
768,26.27777777777778
769,25.72222222222222
770,26.611111111111114
771,26.888888888888893
772,25.666666666666668
773,25.444444444444443
774,26.05555555555556
775,25.0
776,25.33333333333333
777,25.944444444444443
778,26.0
779,25.72222222222222
780,26.5
781,25.83333333333333
782,25.0
783,25.27777777777778
784,26.05555555555556
785,25.611111111111107
786,26.166666666666664
787,25.944444444444443
788,25.11111111111111
789,25.0
790,24.0
791,24.5
792,26.77777777777778
793,24.33333333333333
794,24.166666666666668
795,22.11111111111111
796,24.33333333333333
797,23.277777777777786
798,23.111111111111107
799,22.5
800,23.166666666666668
801,23.944444444444443
802,22.88888888888889
803,24.55555555555556
804,24.111111111111114
805,23.55555555555556
806,23.05555555555556
807,23.444444444444443
808,23.55555555555556
809,25.166666666666668
810,26.05555555555556
811,25.944444444444443
812,25.27777777777778
813,22.444444444444446
814,22.0
815,22.27777777777777
816,20.666666666666668
817,19.111111111111114
818,20.166666666666668
819,19.83333333333333
820,22.5
821,21.55555555555556
822,22.55555555555556
823,23.166666666666668
824,23.05555555555556
825,22.88888888888889
826,22.88888888888889
827,22.88888888888889
828,21.666666666666668
829,22.27777777777777
830,20.05555555555556
831,18.833333333333336
832,20.222222222222225
833,20.05555555555556
834,21.944444444444443
835,21.611111111111114
836,21.611111111111114
837,19.66666666666667
838,19.72222222222222
839,19.0
840,19.27777777777778
841,19.5
842,20.0
843,20.666666666666668
844,20.05555555555556
845,23.944444444444443
846,19.5
847,18.33333333333333
848,18.38888888888889
849,17.83333333333333
850,20.0
851,18.944444444444443
852,18.05555555555556
853,18.38888888888889
854,19.388888888888893
855,21.11111111111111
856,16.833333333333332
857,18.111111111111107
858,17.27777777777778
859,15.333333333333334
860,14.5
861,19.0
862,18.000000000000004
863,17.77777777777778
864,16.88888888888889
865,16.333333333333332
866,14.944444444444445
867,15.944444444444445
868,15.5
869,16.666666666666668
870,18.05555555555556
871,17.22222222222222
872,15.72222222222222
873,11.444444444444445
874,13.11111111111111
875,12.388888888888888
876,14.11111111111111
877,15.666666666666666
878,15.72222222222222
879,14.666666666666666
880,15.055555555555555
881,16.27777777777778
882,16.38888888888889
883,16.333333333333332
884,16.11111111111111
885,13.555555555555555
886,11.944444444444445
887,12.444444444444445
888,15.27777777777778
889,13.444444444444446
890,15.38888888888889
891,15.77777777777778
892,14.61111111111111
893,12.22222222222222
894,13.666666666666666
895,11.944444444444445
896,10.22222222222222
897,14.555555555555555
898,14.77777777777778
899,15.055555555555555
900,14.444444444444445
901,13.88888888888889
902,13.777777777777777
903,14.333333333333334
904,13.27777777777778
905,15.055555555555555
906,16.22222222222222
907,12.833333333333334
908,14.833333333333334
909,14.77777777777778
910,14.833333333333334
911,15.22222222222222
912,15.333333333333334
913,15.11111111111111
914,14.77777777777778
915,13.944444444444445
916,13.0
917,13.11111111111111
918,15.11111111111111
919,18.166666666666668
920,16.27777777777778
921,15.944444444444445
922,12.444444444444445
923,15.38888888888889
924,14.27777777777778
925,14.666666666666666
926,14.88888888888889
927,13.27777777777778
928,15.055555555555555
929,14.833333333333334
930,17.11111111111111
931,15.11111111111111
932,16.944444444444443
933,15.444444444444445
934,15.0
935,15.27777777777778
936,16.444444444444443
937,18.666666666666664
938,16.555555555555557
939,15.666666666666666
940,15.166666666666666
941,20.33333333333333
942,18.22222222222222
943,14.77777777777778
944,11.72222222222222
945,11.72222222222222
946,14.444444444444445
947,14.88888888888889
948,14.333333333333334
949,14.444444444444445
950,13.555555555555555
951,14.555555555555555
952,20.88888888888889
953,18.000000000000004
954,16.555555555555557
955,14.833333333333334
956,14.166666666666666
957,14.61111111111111
958,16.666666666666668
959,17.38888888888889
960,17.444444444444443
961,17.555555555555557
962,17.77777777777778
963,24.66666666666667
964,27.27777777777777
965,23.111111111111107
966,24.444444444444443
967,23.000000000000004
968,23.833333333333336
969,19.66666666666667
970,19.27777777777778
971,18.5
972,18.111111111111107
973,18.88888888888889
974,18.166666666666668
975,18.166666666666668
976,21.333333333333336
977,20.500000000000004
978,18.666666666666664
979,17.555555555555557
980,18.277777777777786
981,18.55555555555556
982,19.5
983,20.27777777777778
984,20.33333333333333
985,20.72222222222222
986,22.77777777777778
987,24.111111111111114
988,21.666666666666668
989,25.500000000000004
990,25.88888888888889
991,20.444444444444443
992,20.55555555555556
993,20.444444444444443
994,20.33333333333333
995,20.38888888888889
996,19.27777777777778
997,20.444444444444443
998,23.5
999,24.05555555555556
1000,21.05555555555556
1001,20.666666666666668
1002,20.72222222222222
1003,20.11111111111111
1004,20.05555555555556
1005,21.22222222222222
1006,22.11111111111111
1007,22.722222222222225
1008,22.77777777777778
1009,22.38888888888889
1010,21.666666666666668
1011,21.944444444444443
1012,22.27777777777777
1013,21.944444444444443
1014,22.33333333333333
1015,22.33333333333333
1016,22.77777777777778
1017,23.33333333333333
1018,23.000000000000004
1019,23.000000000000004
1020,22.88888888888889
1021,23.33333333333333
1022,23.944444444444443
1023,24.944444444444446
1024,24.55555555555556
1025,26.11111111111111
1026,26.666666666666668
1027,25.0
1028,24.388888888888893
1029,24.77777777777777
1030,24.61111111111111
1031,24.55555555555556
1032,25.0
1033,25.27777777777778
1034,24.27777777777778
1035,25.38888888888889
1036,25.222222222222225
1037,24.944444444444446
1038,25.166666666666668
1039,25.500000000000004
1040,25.72222222222222
1041,26.72222222222221
1042,26.333333333333336
1043,25.611111111111107
1044,25.38888888888889
1045,26.22222222222222
1046,27.05555555555556
1047,28.166666666666668
1048,26.944444444444443
1049,25.444444444444443
1050,25.666666666666668
1051,26.05555555555556
1052,26.0
1053,26.444444444444443
1054,25.777777777777786
1055,26.666666666666668
1056,25.83333333333333
1057,25.777777777777786
1058,25.944444444444443
1059,26.38888888888889
1060,26.666666666666668
1061,25.72222222222222
1062,26.27777777777778
1063,26.83333333333333
1064,27.22222222222222
1065,27.11111111111111
1066,27.0
1067,27.11111111111111
1068,27.722222222222225
1069,26.666666666666668
1070,27.666666666666668
1071,28.000000000000004
1072,27.722222222222225
1073,27.444444444444446
1074,27.61111111111111
1075,27.83333333333333
1076,28.000000000000004
1077,28.38888888888889
1078,28.277777777777786
1079,29.166666666666668
1080,29.33333333333333
1081,29.77777777777778
1082,30.83333333333333
1083,29.88888888888889
1084,29.166666666666668
1085,28.666666666666668
1086,28.5
1087,29.27777777777778
1088,29.22222222222222
1089,28.77777777777778
1090,28.38888888888889
1091,28.277777777777786
1092,27.83333333333333
1093,27.88888888888889
1094,28.000000000000004
1095,28.5
1096,28.111111111111107
1097,27.38888888888889
1098,27.444444444444446
1099,27.666666666666668
1100,28.61111111111111
1101,28.666666666666668
1102,27.944444444444443
1103,28.05555555555556
1104,29.77777777777778
1105,27.61111111111111
1106,25.777777777777786
1107,27.38888888888889
1108,27.444444444444446
1109,27.0
1110,27.944444444444443
1111,28.77777777777778
1112,28.77777777777778
1113,28.72222222222222
1114,26.944444444444443
1115,27.11111111111111
1116,27.22222222222222
1117,27.83333333333333
1118,27.666666666666668
1119,27.16666666666667
1120,28.55555555555556
1121,27.16666666666667
1122,26.944444444444443
1123,26.666666666666668
1124,26.77777777777778
1125,26.72222222222221
1126,26.38888888888889
1127,26.05555555555556
1128,25.83333333333333
1129,26.444444444444443
1130,26.888888888888893
1131,26.38888888888889
1132,26.27777777777778
1133,26.5
1134,26.611111111111114
1135,25.88888888888889
1136,25.83333333333333
1137,25.55555555555556
1138,26.0
1139,26.11111111111111
1140,25.88888888888889
1141,25.666666666666668
1142,25.666666666666668
1143,27.83333333333333
1144,26.5
1145,27.33333333333333
1146,30.38888888888889
1147,26.72222222222221
1148,25.38888888888889
1149,25.11111111111111
1150,23.22222222222222
1151,22.27777777777777
1152,23.05555555555556
1153,22.55555555555556
1154,22.944444444444443
1155,23.61111111111111
1156,22.11111111111111
1157,20.72222222222222
1158,21.5
1159,21.666666666666668
1160,22.33333333333333
1161,21.83333333333333
1162,22.16666666666667
1163,21.77777777777778
1164,23.944444444444443
1165,22.11111111111111
1166,22.11111111111111
1167,21.05555555555556
1168,20.88888888888889
1169,18.277777777777786
1170,20.444444444444443
1171,20.0
1172,20.444444444444443
1173,20.33333333333333
1174,20.11111111111111
1175,21.77777777777778
1176,21.944444444444443
1177,21.0
1178,20.0
1179,20.777777777777786
1180,21.38888888888889
1181,20.166666666666668
1182,21.444444444444443
1183,20.38888888888889
1184,22.27777777777777
1185,19.111111111111114
1186,17.83333333333333
1187,17.72222222222222
1188,17.944444444444443
1189,17.77777777777778
1190,19.5
1191,21.22222222222222
1192,22.05555555555556
1193,21.05555555555556
1194,21.55555555555556
1195,18.77777777777778
1196,15.88888888888889
1197,16.0
1198,15.61111111111111
1199,17.555555555555557
1200,17.333333333333332
1201,16.0
1202,15.77777777777778
1203,15.444444444444445
1204,15.72222222222222
1205,14.88888888888889
1206,16.88888888888889
1207,16.833333333333332
1208,16.77777777777778
1209,13.333333333333334
1210,15.27777777777778
1211,16.72222222222222
1212,15.166666666666666
1213,15.055555555555555
1214,15.88888888888889
1215,15.72222222222222
1216,15.833333333333334
1217,15.166666666666666
1218,16.72222222222222
1219,14.333333333333334
1220,13.944444444444445
1221,14.11111111111111
1222,14.77777777777778
1223,15.944444444444445
1224,14.555555555555555
1225,14.833333333333334
1226,13.833333333333334
1227,14.5
1228,13.944444444444445
1229,15.055555555555555
1230,13.055555555555555
1231,18.05555555555556
1232,15.27777777777778
1233,12.944444444444445
1234,13.499999999999998
1235,15.0
1236,13.27777777777778
1237,14.444444444444445
1238,15.22222222222222
1239,16.11111111111111
1240,15.444444444444445
1241,14.77777777777778
1242,14.555555555555555
1243,15.61111111111111
1244,14.555555555555555
1245,14.72222222222222
1246,13.333333333333334
1247,15.944444444444445
1248,15.22222222222222
1249,14.77777777777778
1250,14.88888888888889
1251,14.444444444444445
1252,14.833333333333334
1253,20.83333333333333
1254,17.166666666666668
1255,14.88888888888889
1256,13.055555555555555
1257,12.833333333333334
1258,14.166666666666666
1259,14.5
1260,14.944444444444445
1261,15.555555555555555
1262,14.88888888888889
1263,15.72222222222222
1264,15.11111111111111
1265,15.666666666666666
1266,15.444444444444445
1267,15.77777777777778
1268,16.944444444444443
1269,17.88888888888889
1270,17.444444444444443
1271,16.61111111111111
1272,17.166666666666668
1273,16.77777777777778
1274,15.555555555555555
1275,17.11111111111111
1276,16.11111111111111
1277,15.833333333333334
1278,17.166666666666668
1279,17.0
1280,15.833333333333334
1281,24.61111111111111
1282,20.611111111111107
1283,17.166666666666668
1284,16.666666666666668
1285,16.11111111111111
1286,14.27777777777778
1287,15.166666666666666
1288,15.444444444444445
1289,17.166666666666668
1290,18.72222222222222
1291,17.444444444444443
1292,16.77777777777778
1293,16.88888888888889
1294,16.944444444444443
1295,19.83333333333333
1296,18.61111111111111
1297,16.22222222222222
1298,17.5
1299,17.333333333333332
1300,17.72222222222222
1301,18.38888888888889
1302,17.83333333333333
1303,19.05555555555556
1304,20.33333333333333
1305,18.166666666666668
1306,19.22222222222221
1307,20.222222222222225
1308,21.444444444444443
1309,19.55555555555556
1310,19.111111111111114
1311,18.77777777777778
1312,18.38888888888889
1313,19.27777777777778
1314,19.944444444444446
1315,20.38888888888889
1316,20.500000000000004
1317,20.38888888888889
1318,19.55555555555556
1319,20.777777777777786
1320,22.05555555555556
1321,21.77777777777778
1322,21.944444444444443
1323,22.27777777777777
1324,22.83333333333333
1325,22.722222222222225
1326,21.05555555555556
1327,21.333333333333336
1328,20.444444444444443
1329,21.38888888888889
1330,21.55555555555556
1331,20.72222222222222
1332,21.38888888888889
1333,20.944444444444443
1334,21.11111111111111
1335,21.72222222222221
1336,22.22222222222222
1337,22.444444444444446
1338,23.22222222222222
1339,23.5
1340,23.05555555555556
1341,25.222222222222225
1342,25.72222222222222
1343,24.388888888888893
1344,24.55555555555556
1345,22.61111111111111
1346,23.22222222222222
1347,23.88888888888889
1348,23.166666666666668
1349,22.61111111111111
1350,23.05555555555556
1351,23.72222222222222
1352,23.444444444444443
1353,23.88888888888889
1354,23.61111111111111
1355,25.11111111111111
1356,25.611111111111107
1357,24.77777777777777
1358,24.55555555555556
1359,25.27777777777778
1360,25.27777777777778
1361,24.77777777777777
1362,25.166666666666668
1363,24.944444444444446
1364,25.55555555555556
1365,25.444444444444443
1366,26.72222222222221
1367,26.83333333333333
1368,26.77777777777778
1369,27.0
1370,26.444444444444443
1371,25.944444444444443
1372,26.944444444444443
1373,26.944444444444443
1374,26.166666666666664
1375,26.22222222222222
1376,25.500000000000004
1377,25.83333333333333
1378,26.0
1379,26.5
1380,26.5
1381,25.944444444444443
1382,26.72222222222221
1383,26.444444444444443
1384,26.444444444444443
1385,26.83333333333333
1386,27.05555555555556
1387,26.666666666666668
1388,26.72222222222221
1389,27.666666666666668
1390,27.88888888888889
1391,27.55555555555556
1392,27.11111111111111
1393,28.38888888888889
1394,28.000000000000004
1395,27.722222222222225
1396,27.83333333333333
1397,28.000000000000004
1398,28.05555555555556
1399,28.111111111111107
1400,28.166666666666668
1401,29.0
1402,28.38888888888889
1403,28.277777777777786
1404,27.88888888888889
1405,28.666666666666668
1406,29.27777777777778
1407,28.77777777777778
1408,29.38888888888889
1409,28.444444444444443
1410,29.22222222222222
1411,28.944444444444443
1412,29.27777777777778
1413,28.944444444444443
1414,29.22222222222222
1415,29.5
1416,29.05555555555556
1417,30.05555555555556
1418,30.05555555555556
1419,29.55555555555556
1420,29.27777777777778
1421,28.444444444444443
1422,28.944444444444443
1423,28.05555555555556
1424,28.22222222222222
1425,28.944444444444443
1426,28.666666666666668
1427,28.33333333333333
1428,28.111111111111107
1429,28.166666666666668
1430,27.83333333333333
1431,27.83333333333333
1432,27.722222222222225
1433,27.944444444444443
1434,27.444444444444446
1435,26.83333333333333
1436,27.16666666666667
1437,27.444444444444446
1438,27.16666666666667
1439,26.77777777777778
1440,27.666666666666668
1441,26.611111111111114
1442,27.11111111111111
1443,26.888888888888893
1444,26.55555555555556
1445,28.166666666666668
1446,27.27777777777777
1447,26.444444444444443
1448,26.72222222222221
1449,27.16666666666667
1450,26.72222222222221
1451,27.5
1452,27.11111111111111
1453,27.33333333333333
1454,26.444444444444443
1455,26.72222222222221
1456,25.72222222222222
1457,26.05555555555556
1458,26.333333333333336
1459,25.83333333333333
1460,25.83333333333333
1461,24.72222222222222
1462,24.83333333333333
1463,23.944444444444443
1464,24.111111111111114
1465,25.27777777777778
1466,25.166666666666668
1467,24.77777777777777
1468,23.944444444444443
1469,23.72222222222222
1470,23.77777777777778
1471,25.05555555555556
1472,23.38888888888889
1473,24.27777777777778
1474,24.33333333333333
1475,23.944444444444443
1476,23.944444444444443
1477,24.33333333333333
1478,24.388888888888893
1479,24.22222222222221
1480,23.277777777777786
1481,22.11111111111111
1482,23.277777777777786
1483,21.611111111111114
1484,21.55555555555556
1485,22.944444444444443
1486,25.777777777777786
1487,22.61111111111111
1488,22.77777777777778
1489,20.777777777777786
1490,20.777777777777786
1491,20.500000000000004
1492,20.72222222222222
1493,20.55555555555556
1494,20.500000000000004
1495,20.0
1496,19.88888888888889
1497,20.88888888888889
1498,20.11111111111111
1499,20.33333333333333
1500,20.83333333333333
1501,22.55555555555556
1502,21.666666666666668
1503,20.611111111111107
1504,21.38888888888889
1505,22.88888888888889
1506,21.666666666666668
1507,20.88888888888889
1508,20.944444444444443
1509,18.61111111111111
1510,16.166666666666668
1511,13.61111111111111
1512,16.166666666666668
1513,14.72222222222222
1514,15.88888888888889
1515,20.33333333333333
1516,17.055555555555557
1517,17.444444444444443
1518,18.666666666666664
1519,16.666666666666668
1520,17.27777777777778
1521,16.5
1522,17.055555555555557
1523,17.5
1524,17.11111111111111
1525,16.22222222222222
1526,15.88888888888889
1527,16.555555555555557
1528,16.555555555555557
1529,15.555555555555555
1530,16.333333333333332
1531,17.555555555555557
1532,17.555555555555557
1533,17.77777777777778
1534,17.444444444444443
1535,15.944444444444445
1536,16.22222222222222
1537,16.22222222222222
1538,14.944444444444445
1539,16.555555555555557
1540,17.444444444444443
1541,18.277777777777786
1542,17.88888888888889
1543,18.166666666666668
1544,15.333333333333334
1545,10.77777777777778
1546,13.0
1547,13.22222222222222
1548,13.722222222222223
1549,12.388888888888888
1550,13.88888888888889
1551,12.72222222222222
1552,11.666666666666666
1553,12.833333333333334
1554,12.666666666666664
1555,12.666666666666664
1556,12.333333333333336
1557,15.77777777777778
1558,15.88888888888889
1559,14.72222222222222
1560,12.833333333333334
1561,12.444444444444445
1562,12.0
1563,14.88888888888889
1564,17.38888888888889
1565,13.722222222222223
1566,8.833333333333334
1567,7.277777777777778
1568,11.277777777777777
1569,12.333333333333336
1570,12.666666666666664
1571,13.944444444444445
1572,13.944444444444445
1573,14.333333333333334
1574,14.166666666666666
1575,15.27777777777778
1576,14.944444444444445
1577,12.5
1578,13.11111111111111
1579,12.555555555555555
1580,14.22222222222222
1581,15.77777777777778
1582,15.833333333333334
1583,14.5
1584,14.944444444444445
1585,14.555555555555555
1586,14.61111111111111
1587,14.72222222222222
1588,13.777777777777777
1589,15.166666666666666
1590,14.5
1591,14.055555555555554
1592,15.333333333333334
1593,14.11111111111111
1594,14.22222222222222
1595,13.555555555555555
1596,14.22222222222222
1597,14.000000000000002
1598,13.666666666666666
1599,13.61111111111111
1600,14.333333333333334
1601,14.444444444444445
1602,15.61111111111111
1603,15.38888888888889
1604,15.055555555555555
1605,15.27777777777778
1606,13.0
1607,13.27777777777778
1608,13.11111111111111
1609,14.22222222222222
1610,14.61111111111111
1611,16.0
1612,16.11111111111111
1613,15.61111111111111
1614,15.0
1615,15.444444444444445
1616,15.333333333333334
1617,16.38888888888889
1618,15.666666666666666
1619,15.0
1620,14.5
1621,15.38888888888889
1622,13.555555555555555
1623,14.444444444444445
1624,16.666666666666668
1625,15.444444444444445
1626,16.333333333333332
1627,17.166666666666668
1628,15.27777777777778
1629,16.166666666666668
1630,16.944444444444443
1631,18.666666666666664
1632,21.444444444444443
1633,18.944444444444443
1634,17.77777777777778
1635,17.88888888888889
1636,21.611111111111114
1637,18.61111111111111
1638,18.111111111111107
1639,17.77777777777778
1640,16.72222222222222
1641,19.61111111111111
1642,28.5
1643,22.22222222222222
1644,18.88888888888889
1645,18.61111111111111
1646,19.0
1647,20.611111111111107
1648,21.444444444444443
1649,21.0
1650,19.5
1651,19.61111111111111
1652,18.277777777777786
1653,18.77777777777778
1654,18.61111111111111
1655,19.0
1656,19.27777777777778
1657,19.55555555555556
1658,20.05555555555556
1659,19.55555555555556
1660,19.22222222222221
1661,19.05555555555556
1662,20.0
1663,21.77777777777778
1664,22.666666666666668
1665,20.27777777777778
1666,19.33333333333333
1667,19.05555555555556
1668,19.77777777777777
1669,19.83333333333333
1670,20.777777777777786
1671,20.83333333333333
1672,19.77777777777777
1673,21.0
1674,21.22222222222222
1675,21.444444444444443
1676,21.72222222222221
1677,24.0
1678,23.55555555555556
1679,21.944444444444443
1680,21.72222222222221
1681,21.944444444444443
1682,21.611111111111114
1683,20.944444444444443
1684,21.666666666666668
1685,22.944444444444443
1686,22.722222222222225
1687,22.61111111111111
1688,22.88888888888889
1689,23.05555555555556
1690,24.66666666666667
1691,25.166666666666668
1692,23.77777777777778
1693,24.05555555555556
1694,24.166666666666668
1695,24.0
1696,23.833333333333336
1697,23.5
1698,23.33333333333333
1699,24.0
1700,25.05555555555556
1701,25.27777777777778
1702,25.38888888888889
1703,25.88888888888889
1704,26.38888888888889
1705,26.72222222222221
1706,26.22222222222222
1707,25.88888888888889
1708,25.83333333333333
1709,26.333333333333336
1710,25.88888888888889
1711,26.333333333333336
1712,25.55555555555556
1713,26.55555555555556
1714,25.88888888888889
1715,26.27777777777778
1716,26.5
1717,26.22222222222222
1718,26.333333333333336
1719,26.666666666666668
1720,26.0
1721,26.5
1722,26.83333333333333
1723,28.000000000000004
1724,27.27777777777777
1725,27.88888888888889
1726,27.5
1727,26.944444444444443
1728,27.55555555555556
1729,28.77777777777778
1730,28.5
1731,28.277777777777786
1732,28.277777777777786
1733,28.277777777777786
1734,28.38888888888889
1735,28.05555555555556
1736,28.33333333333333
1737,28.000000000000004
1738,27.77777777777778
1739,28.166666666666668
1740,27.5
1741,28.000000000000004
1742,27.5
1743,27.55555555555556
1744,27.77777777777778
1745,27.5
1746,27.61111111111111
1747,27.55555555555556
1748,28.33333333333333
1749,29.444444444444443
1750,29.944444444444443
1751,29.77777777777778
1752,29.83333333333333
1753,29.27777777777778
1754,28.72222222222222
1755,29.166666666666668
1756,28.944444444444443
1757,28.33333333333333
1758,27.944444444444443
1759,28.444444444444443
1760,28.05555555555556
1761,28.277777777777786
1762,27.38888888888889
1763,27.666666666666668
1764,27.944444444444443
1765,28.22222222222222
1766,28.166666666666668
1767,28.5
1768,28.5
1769,28.38888888888889
1770,28.55555555555556
1771,28.5
1772,28.05555555555556
1773,28.05555555555556
1774,28.38888888888889
1775,28.05555555555556
1776,27.83333333333333
1777,28.38888888888889
1778,28.61111111111111
1779,28.5
1780,28.5
1781,28.166666666666668
1782,27.444444444444446
1783,28.22222222222222
1784,27.444444444444446
1785,27.88888888888889
1786,27.5
1787,27.61111111111111
1788,27.444444444444446
1789,27.38888888888889
1790,27.5
1791,27.61111111111111
1792,26.72222222222221
1793,27.666666666666668
1794,27.27777777777777
1795,26.83333333333333
1796,27.38888888888889
1797,27.0
1798,26.5
1799,27.05555555555556
1800,27.16666666666667
1801,26.77777777777778
1802,27.5
1803,27.77777777777778
1804,27.22222222222222
1805,27.5
1806,27.05555555555556
1807,26.166666666666664
1808,27.0
1809,26.55555555555556
1810,25.777777777777786
1811,24.77777777777777
1812,24.166666666666668
1813,24.111111111111114
1814,24.27777777777778
1815,25.55555555555556
1816,26.27777777777778
1817,29.55555555555556
1818,26.444444444444443
1819,26.444444444444443
1820,27.0
1821,26.333333333333336
1822,25.72222222222222
1823,25.611111111111107
1824,25.27777777777778
1825,24.388888888888893
1826,25.666666666666668
1827,23.77777777777778
1828,22.27777777777777
1829,23.277777777777786
1830,24.66666666666667
1831,23.277777777777786
1832,23.33333333333333
1833,23.55555555555556
1834,24.166666666666668
1835,23.277777777777786
1836,21.22222222222222
1837,17.0
1838,16.0
1839,18.666666666666664
1840,19.5
1841,20.0
1842,20.55555555555556
1843,21.611111111111114
1844,20.500000000000004
1845,20.611111111111107
1846,19.83333333333333
1847,20.11111111111111
1848,20.27777777777778
1849,20.38888888888889
1850,20.666666666666668
1851,19.388888888888893
1852,21.0
1853,22.11111111111111
1854,20.0
1855,22.27777777777777
1856,22.05555555555556
1857,18.833333333333336
1858,19.22222222222221
1859,20.611111111111107
1860,21.72222222222221
1861,20.27777777777778
1862,18.111111111111107
1863,18.05555555555556
1864,19.22222222222221
1865,17.77777777777778
1866,16.88888888888889
1867,17.944444444444443
1868,17.61111111111111
1869,17.166666666666668
1870,17.77777777777778
1871,18.944444444444443
1872,19.0
1873,17.555555555555557
1874,17.61111111111111
1875,18.77777777777778
1876,16.61111111111111
1877,17.72222222222222
1878,18.88888888888889
1879,18.666666666666664
1880,17.166666666666668
1881,17.166666666666668
1882,16.166666666666668
1883,14.61111111111111
1884,14.77777777777778
1885,16.555555555555557
1886,17.11111111111111
1887,16.27777777777778
1888,12.77777777777778
1889,15.333333333333334
1890,16.444444444444443
1891,16.166666666666668
1892,16.555555555555557
1893,16.333333333333332
1894,15.333333333333334
1895,16.72222222222222
1896,14.833333333333334
1897,15.055555555555555
1898,15.61111111111111
1899,16.22222222222222
1900,14.11111111111111
1901,13.499999999999998
1902,13.944444444444445
1903,17.61111111111111
1904,16.38888888888889
1905,15.38888888888889
1906,16.555555555555557
1907,14.77777777777778
1908,14.666666666666666
1909,14.38888888888889
1910,15.055555555555555
1911,15.11111111111111
1912,15.61111111111111
1913,14.444444444444445
1914,15.166666666666666
1915,16.22222222222222
1916,15.27777777777778
1917,15.61111111111111
1918,15.0
1919,13.88888888888889
1920,14.77777777777778
1921,15.055555555555555
1922,14.833333333333334
1923,15.444444444444445
1924,13.166666666666668
1925,14.27777777777778
1926,14.22222222222222
1927,13.0
1928,13.499999999999998
1929,14.11111111111111
1930,15.166666666666666
1931,11.88888888888889
1932,10.999999999999998
1933,12.27777777777778
1934,13.0
1935,14.333333333333334
1936,14.72222222222222
1937,15.72222222222222
1938,15.0
1939,15.055555555555555
1940,15.72222222222222
1941,15.444444444444445
1942,13.22222222222222
1943,12.5
1944,13.444444444444446
1945,13.555555555555555
1946,13.666666666666666
1947,16.055555555555557
1948,17.0
1949,14.555555555555555
1950,16.61111111111111
1951,15.055555555555555
1952,14.72222222222222
1953,11.38888888888889
1954,12.72222222222222
1955,14.333333333333334
1956,13.666666666666666
1957,12.27777777777778
1958,12.055555555555555
1959,13.38888888888889
1960,14.944444444444445
1961,14.555555555555555
1962,16.555555555555557
1963,16.38888888888889
1964,17.333333333333332
1965,21.166666666666664
1966,17.83333333333333
1967,16.27777777777778
1968,15.944444444444445
1969,16.72222222222222
1970,17.5
1971,17.055555555555557
1972,16.833333333333332
1973,17.5
1974,16.72222222222222
1975,17.11111111111111
1976,18.000000000000004
1977,17.83333333333333
1978,17.38888888888889
1979,17.166666666666668
1980,17.555555555555557
1981,17.0
1982,18.77777777777778
1983,18.444444444444443
1984,19.444444444444443
1985,18.33333333333333
1986,17.83333333333333
1987,19.05555555555556
1988,18.666666666666664
1989,17.88888888888889
1990,17.61111111111111
1991,19.111111111111114
1992,19.61111111111111
1993,19.0
1994,20.222222222222225
1995,28.55555555555556
1996,21.5
1997,20.11111111111111
1998,19.22222222222221
1999,18.38888888888889
2000,18.05555555555556
2001,17.5
2002,18.5
2003,18.111111111111107
2004,17.944444444444443
2005,19.05555555555556
2006,18.22222222222222
2007,18.277777777777786
2008,17.83333333333333
2009,19.388888888888893
2010,18.38888888888889
2011,17.88888888888889
2012,19.83333333333333
2013,23.61111111111111
2014,20.0
2015,19.27777777777778
2016,22.22222222222222
2017,25.83333333333333
2018,23.38888888888889
2019,19.388888888888893
2020,19.27777777777778
2021,19.0
2022,19.388888888888893
2023,20.444444444444443
2024,21.72222222222221
2025,29.0
2026,22.88888888888889
2027,20.72222222222222
2028,20.05555555555556
2029,19.0
2030,20.166666666666668
2031,24.72222222222222
2032,20.777777777777786
2033,20.444444444444443
2034,20.72222222222222
2035,20.33333333333333
2036,20.05555555555556
2037,23.33333333333333
2038,24.944444444444446
2039,20.88888888888889
2040,20.500000000000004
2041,20.05555555555556
2042,20.88888888888889
2043,21.27777777777778
2044,21.83333333333333
2045,21.666666666666668
2046,22.38888888888889
2047,22.444444444444446
2048,22.722222222222225
2049,23.444444444444443
2050,23.38888888888889
2051,23.444444444444443
2052,25.05555555555556
2053,24.77777777777777
2054,23.38888888888889
2055,23.111111111111107
2056,23.38888888888889
2057,25.11111111111111
2058,25.33333333333333
2059,25.0
2060,24.27777777777778
2061,24.111111111111114
2062,23.666666666666664
2063,23.166666666666668
2064,23.33333333333333
2065,23.22222222222222
2066,23.72222222222222
2067,24.83333333333333
2068,25.27777777777778
2069,24.55555555555556
2070,24.72222222222222
2071,25.38888888888889
2072,24.388888888888893
2073,24.83333333333333
2074,24.77777777777777
2075,24.88888888888889
2076,25.11111111111111
2077,25.88888888888889
2078,25.777777777777786
2079,24.83333333333333
2080,25.11111111111111
2081,25.166666666666668
2082,24.66666666666667
2083,25.0
2084,25.11111111111111
2085,25.166666666666668
2086,26.05555555555556
2087,26.0
2088,25.55555555555556
2089,24.77777777777777
2090,25.88888888888889
2091,25.777777777777786
2092,25.444444444444443
2093,25.611111111111107
2094,25.83333333333333
2095,26.22222222222222
2096,26.5
2097,26.333333333333336
2098,26.666666666666668
2099,26.666666666666668
2100,26.611111111111114
2101,27.0
2102,26.944444444444443
2103,27.444444444444446
2104,27.38888888888889
2105,27.22222222222222
2106,27.5
2107,27.55555555555556
2108,28.277777777777786
2109,27.0
2110,27.27777777777777
2111,27.55555555555556
2112,27.444444444444446
2113,26.888888888888893
2114,27.38888888888889
2115,27.61111111111111
2116,27.55555555555556
2117,27.83333333333333
2118,27.666666666666668
2119,27.61111111111111
2120,28.277777777777786
2121,28.22222222222222
2122,27.88888888888889
2123,28.000000000000004
2124,28.38888888888889
2125,28.61111111111111
2126,28.38888888888889
2127,28.61111111111111
2128,28.000000000000004
2129,28.22222222222222
2130,28.55555555555556
2131,28.5
2132,28.666666666666668
2133,28.5
2134,28.77777777777778
2135,28.55555555555556
2136,28.77777777777778
2137,27.944444444444443
2138,28.277777777777786
2139,26.72222222222221
2140,27.27777777777777
2141,29.22222222222222
2142,28.22222222222222
2143,28.05555555555556
2144,27.83333333333333
2145,28.166666666666668
2146,29.0
2147,27.55555555555556
2148,26.55555555555556
2149,26.38888888888889
2150,26.22222222222222
2151,26.22222222222222
2152,26.166666666666664
2153,26.0
2154,25.88888888888889
2155,26.22222222222222
2156,26.22222222222222
2157,25.88888888888889
2158,25.222222222222225
2159,25.38888888888889
2160,27.22222222222222
2161,26.0
2162,25.72222222222222
2163,25.666666666666668
2164,24.77777777777777
2165,25.944444444444443
2166,26.11111111111111
2167,25.83333333333333
2168,25.27777777777778
2169,26.0
2170,26.611111111111114
2171,25.777777777777786
2172,24.944444444444446
2173,24.61111111111111
2174,24.66666666666667
2175,24.0
2176,23.77777777777778
2177,23.944444444444443
2178,23.77777777777778
2179,22.77777777777778
2180,21.83333333333333
2181,23.166666666666668
2182,23.72222222222222
2183,23.000000000000004
2184,23.000000000000004
2185,22.77777777777778
2186,22.05555555555556
2187,20.27777777777778
2188,22.38888888888889
2189,22.55555555555556
2190,21.0
2191,21.05555555555556
2192,21.38888888888889
2193,21.5
2194,20.666666666666668
2195,20.500000000000004
2196,21.166666666666664
2197,21.666666666666668
2198,21.444444444444443
2199,21.22222222222222
2200,20.500000000000004
2201,23.33333333333333
2202,21.5
2203,21.38888888888889
2204,21.666666666666668
2205,15.72222222222222
2206,14.77777777777778
2207,16.11111111111111
2208,19.0
2209,18.05555555555556
2210,16.333333333333332
2211,16.555555555555557
2212,18.444444444444443
2213,18.166666666666668
2214,17.88888888888889
2215,17.666666666666668
2216,17.88888888888889
2217,18.5
2218,17.11111111111111
2219,15.61111111111111
2220,14.166666666666666
2221,15.38888888888889
2222,16.0
2223,18.55555555555556
2224,17.11111111111111
2225,16.27777777777778
2226,16.11111111111111
2227,16.5
2228,17.72222222222222
2229,16.166666666666668
2230,17.055555555555557
2231,14.833333333333334
2232,15.61111111111111
2233,14.72222222222222
2234,12.77777777777778
2235,12.5
2236,13.499999999999998
2237,13.722222222222223
2238,14.5
2239,16.38888888888889
2240,18.38888888888889
2241,19.27777777777778
2242,17.77777777777778
2243,13.444444444444446
2244,14.88888888888889
2245,14.055555555555554
2246,16.0
2247,14.055555555555554
2248,13.555555555555555
2249,13.499999999999998
2250,12.388888888888888
2251,10.77777777777778
2252,12.888888888888893
2253,12.055555555555555
2254,8.444444444444446
2255,9.833333333333336
2256,10.666666666666668
2257,12.22222222222222
2258,11.944444444444445
2259,13.722222222222223
2260,13.333333333333334
2261,13.555555555555555
2262,13.055555555555555
2263,13.22222222222222
2264,13.777777777777777
2265,15.055555555555555
2266,14.61111111111111
2267,13.444444444444446
2268,12.666666666666664
2269,12.888888888888893
2270,13.0
2271,13.166666666666668
2272,12.888888888888893
2273,12.77777777777778
2274,12.833333333333334
2275,14.38888888888889
2276,15.0
2277,15.61111111111111
2278,17.27777777777778
2279,18.61111111111111
2280,17.88888888888889
2281,15.833333333333334
2282,15.555555555555555
2283,18.166666666666668
2284,16.333333333333332
2285,15.77777777777778
2286,15.5
2287,14.72222222222222
2288,14.61111111111111
2289,14.833333333333334
2290,15.5
2291,15.77777777777778
2292,12.888888888888893
2293,13.055555555555555
2294,14.000000000000002
2295,15.22222222222222
2296,17.38888888888889
2297,18.33333333333333
2298,16.88888888888889
2299,15.944444444444445
2300,13.27777777777778
2301,13.88888888888889
2302,14.72222222222222
2303,14.444444444444445
2304,14.555555555555555
2305,15.944444444444445
2306,17.055555555555557
2307,20.05555555555556
2308,24.944444444444446
2309,18.88888888888889
2310,16.944444444444443
2311,22.444444444444446
2312,17.444444444444443
2313,17.166666666666668
2314,17.72222222222222
2315,17.72222222222222
2316,17.77777777777778
2317,17.444444444444443
2318,16.88888888888889
2319,17.77777777777778
2320,18.666666666666664
2321,20.83333333333333
2322,19.27777777777778
2323,15.77777777777778
2324,15.22222222222222
2325,15.22222222222222
2326,15.27777777777778
2327,15.61111111111111
2328,20.83333333333333
2329,17.11111111111111
2330,14.61111111111111
2331,16.5
2332,16.5
2333,23.944444444444443
2334,22.83333333333333
2335,18.22222222222222
2336,17.11111111111111
2337,17.11111111111111
2338,17.61111111111111
2339,18.444444444444443
2340,17.61111111111111
2341,20.05555555555556
2342,25.0
2343,25.666666666666668
2344,24.61111111111111
2345,19.05555555555556
2346,18.666666666666664
2347,18.38888888888889
2348,18.05555555555556
2349,18.666666666666664
2350,18.444444444444443
2351,18.166666666666668
2352,19.444444444444443
2353,18.444444444444443
2354,16.833333333333332
2355,16.77777777777778
2356,17.83333333333333
2357,18.111111111111107
2358,18.5
2359,19.111111111111114
2360,18.833333333333336
2361,19.61111111111111
2362,19.27777777777778
2363,19.944444444444446
2364,18.88888888888889
2365,19.22222222222221
2366,19.444444444444443
2367,20.33333333333333
2368,22.0
2369,21.666666666666668
2370,21.333333333333336
2371,22.77777777777778
2372,22.22222222222222
2373,20.88888888888889
2374,20.38888888888889
2375,21.5
2376,21.55555555555556
2377,21.27777777777778
2378,21.666666666666668
2379,21.22222222222222
2380,22.05555555555556
2381,21.77777777777778
2382,21.888888888888893
2383,22.444444444444446
2384,22.61111111111111
2385,22.38888888888889
2386,22.5
2387,22.0
2388,22.88888888888889
2389,22.944444444444443
2390,22.83333333333333
2391,22.83333333333333
2392,23.38888888888889
2393,23.277777777777786
2394,23.111111111111107
2395,22.77777777777778
2396,26.444444444444443
2397,29.944444444444443
2398,27.33333333333333
2399,26.11111111111111
2400,25.27777777777778
2401,24.444444444444443
2402,24.388888888888893
2403,25.11111111111111
2404,25.222222222222225
2405,25.55555555555556
2406,25.166666666666668
2407,25.444444444444443
2408,25.222222222222225
2409,24.88888888888889
2410,25.166666666666668
2411,26.0
2412,26.38888888888889
2413,27.0
2414,26.333333333333336
2415,26.666666666666668
2416,26.27777777777778
2417,26.38888888888889
2418,26.611111111111114
2419,27.16666666666667
2420,26.944444444444443
2421,27.0
2422,27.22222222222222
2423,26.83333333333333
2424,27.22222222222222
2425,27.61111111111111
2426,27.38888888888889
2427,27.33333333333333
2428,27.11111111111111
2429,27.5
2430,27.77777777777778
2431,28.000000000000004
2432,28.5
2433,28.61111111111111
2434,28.5
2435,28.111111111111107
2436,27.722222222222225
2437,27.83333333333333
2438,28.22222222222222
2439,28.5
2440,28.38888888888889
2441,27.944444444444443
2442,28.5
2443,28.38888888888889
2444,28.444444444444443
2445,29.77777777777778
2446,29.72222222222222
2447,29.55555555555556
2448,28.72222222222222
2449,28.38888888888889
2450,28.5
2451,28.5
2452,28.38888888888889
2453,28.83333333333333
2454,29.11111111111111
2455,28.944444444444443
2456,28.166666666666668
2457,28.33333333333333
2458,28.83333333333333
2459,28.61111111111111
2460,29.33333333333333
2461,28.72222222222222
2462,28.666666666666668
2463,28.38888888888889
2464,28.05555555555556
2465,27.55555555555556
2466,27.722222222222225
2467,27.11111111111111
2468,27.722222222222225
2469,27.61111111111111
2470,27.16666666666667
2471,28.05555555555556
2472,28.05555555555556
2473,28.05555555555556
2474,27.722222222222225
2475,27.27777777777777
2476,27.22222222222222
2477,27.5
2478,27.5
2479,27.61111111111111
2480,27.88888888888889
2481,27.666666666666668
2482,27.16666666666667
2483,26.888888888888893
2484,27.444444444444446
2485,26.77777777777778
2486,26.22222222222222
2487,26.611111111111114
2488,27.61111111111111
2489,27.27777777777777
2490,26.05555555555556
2491,27.11111111111111
2492,27.77777777777778
2493,27.11111111111111
2494,27.88888888888889
2495,27.444444444444446
2496,26.77777777777778
2497,26.27777777777778
2498,26.38888888888889
2499,26.5
2500,25.777777777777786
2501,25.166666666666668
2502,24.944444444444446
2503,25.222222222222225
2504,26.22222222222222
2505,26.27777777777778
2506,27.722222222222225
2507,27.944444444444443
2508,26.888888888888893
2509,26.27777777777778
2510,25.27777777777778
2511,24.83333333333333
2512,23.61111111111111
2513,24.27777777777778
2514,24.55555555555556
2515,25.222222222222225
2516,24.77777777777777
2517,24.88888888888889
2518,25.611111111111107
2519,26.166666666666664
2520,25.944444444444443
2521,26.05555555555556
2522,25.11111111111111
2523,22.55555555555556
2524,22.83333333333333
2525,24.22222222222221
2526,24.88888888888889
2527,25.11111111111111
2528,24.77777777777777
2529,22.77777777777778
2530,23.166666666666668
2531,23.944444444444443
2532,24.27777777777778
2533,22.88888888888889
2534,23.111111111111107
2535,23.444444444444443
2536,21.666666666666668
2537,22.88888888888889
2538,21.11111111111111
2539,25.666666666666668
2540,23.61111111111111
2541,21.83333333333333
2542,21.5
2543,22.944444444444443
2544,23.38888888888889
2545,24.0
2546,23.38888888888889
2547,20.11111111111111
2548,21.05555555555556
2549,21.05555555555556
2550,19.83333333333333
2551,20.0
2552,22.61111111111111
2553,21.944444444444443
2554,23.166666666666668
2555,22.722222222222225
2556,21.444444444444443
2557,22.61111111111111
2558,21.72222222222221
2559,21.55555555555556
2560,19.77777777777777
2561,18.277777777777786
2562,18.000000000000004
2563,19.61111111111111
2564,18.38888888888889
2565,17.5
2566,17.166666666666668
2567,19.88888888888889
2568,19.05555555555556
2569,18.33333333333333
2570,18.88888888888889
2571,18.55555555555556
2572,18.000000000000004
2573,18.277777777777786
2574,19.27777777777778
2575,19.05555555555556
2576,18.33333333333333
2577,17.0
2578,13.499999999999998
2579,12.555555555555555
2580,15.27777777777778
2581,15.166666666666666
2582,15.72222222222222
2583,18.000000000000004
2584,17.38888888888889
2585,16.38888888888889
2586,12.166666666666666
2587,11.833333333333332
2588,13.166666666666668
2589,13.11111111111111
2590,15.11111111111111
2591,14.666666666666666
2592,15.555555555555555
2593,15.72222222222222
2594,15.444444444444445
2595,15.88888888888889
2596,15.11111111111111
2597,15.72222222222222
2598,16.055555555555557
2599,13.444444444444446
2600,16.72222222222222
2601,16.77777777777778
2602,17.72222222222222
2603,16.61111111111111
2604,15.555555555555555
2605,15.22222222222222
2606,15.0
2607,20.500000000000004
2608,19.944444444444446
2609,17.666666666666668
2610,17.61111111111111
2611,15.944444444444445
2612,15.333333333333334
2613,14.27777777777778
2614,14.833333333333334
2615,13.444444444444446
2616,13.0
2617,12.27777777777778
2618,13.11111111111111
2619,13.88888888888889
2620,14.333333333333334
2621,15.11111111111111
2622,15.88888888888889
2623,16.38888888888889
2624,15.166666666666666
2625,14.833333333333334
2626,14.88888888888889
2627,14.61111111111111
2628,13.055555555555555
2629,16.0
2630,15.22222222222222
2631,14.055555555555554
2632,13.666666666666666
2633,13.27777777777778
2634,15.77777777777778
2635,14.833333333333334
2636,13.0
2637,11.38888888888889
2638,13.166666666666668
2639,15.555555555555555
2640,15.055555555555555
2641,14.61111111111111
2642,13.777777777777777
2643,15.61111111111111
2644,15.944444444444445
2645,18.33333333333333
2646,16.055555555555557
2647,14.000000000000002
2648,13.27777777777778
2649,13.444444444444446
2650,11.77777777777778
2651,10.88888888888889
2652,11.222222222222223
2653,11.833333333333332
2654,12.611111111111112
2655,15.72222222222222
2656,19.61111111111111
2657,16.5
2658,16.11111111111111
2659,15.88888888888889
2660,15.666666666666666
2661,16.22222222222222
2662,15.27777777777778
2663,16.666666666666668
2664,15.5
2665,14.88888888888889
2666,14.055555555555554
2667,15.833333333333334
2668,15.22222222222222
2669,16.27777777777778
2670,17.166666666666668
2671,16.166666666666668
2672,16.72222222222222
2673,14.833333333333334
2674,14.22222222222222
2675,12.888888888888893
2676,13.555555555555555
2677,14.000000000000002
2678,13.11111111111111
2679,10.388888888888893
2680,14.88888888888889
2681,15.166666666666666
2682,14.166666666666666
2683,14.27777777777778
2684,14.833333333333334
2685,15.166666666666666
2686,15.666666666666666
2687,22.666666666666668
2688,19.61111111111111
2689,27.33333333333333
2690,26.72222222222221
2691,18.77777777777778
2692,18.05555555555556
2693,17.88888888888889
2694,17.166666666666668
2695,16.22222222222222
2696,15.88888888888889
2697,17.77777777777778
2698,17.11111111111111
2699,17.0
2700,17.555555555555557
2701,17.444444444444443
2702,17.555555555555557
2703,22.5
2704,19.05555555555556
2705,17.5
2706,17.11111111111111
2707,17.166666666666668
2708,18.944444444444443
2709,25.27777777777778
2710,21.38888888888889
2711,17.444444444444443
2712,17.555555555555557
2713,17.77777777777778
2714,17.22222222222222
2715,18.000000000000004
2716,19.0
2717,20.944444444444443
2718,22.666666666666668
2719,24.5
2720,21.27777777777778
2721,21.05555555555556
2722,20.944444444444443
2723,23.61111111111111
2724,27.33333333333333
2725,25.72222222222222
2726,22.55555555555556
2727,22.5
2728,22.666666666666668
2729,22.666666666666668
2730,23.166666666666668
2731,26.444444444444443
2732,22.666666666666668
2733,22.444444444444446
2734,22.22222222222222
2735,22.5
2736,23.111111111111107
2737,22.444444444444446
2738,22.38888888888889
2739,24.27777777777778
2740,23.111111111111107
2741,22.944444444444443
2742,22.27777777777777
2743,22.666666666666668
2744,29.38888888888889
2745,24.27777777777778
2746,22.88888888888889
2747,22.722222222222225
2748,22.722222222222225
2749,22.444444444444446
2750,22.444444444444446
2751,23.5
2752,23.88888888888889
2753,24.166666666666668
2754,23.833333333333336
2755,23.77777777777778
2756,23.666666666666664
2757,24.0
2758,24.388888888888893
2759,24.27777777777778
2760,24.5
2761,24.77777777777777
2762,25.11111111111111
2763,26.11111111111111
2764,25.611111111111107
2765,25.166666666666668
2766,25.444444444444443
2767,25.166666666666668
2768,25.38888888888889
2769,25.611111111111107
2770,25.500000000000004
2771,26.22222222222222
2772,25.88888888888889
2773,25.777777777777786
2774,25.83333333333333
2775,26.27777777777778
2776,26.38888888888889
2777,26.77777777777778
2778,26.666666666666668
2779,26.77777777777778
2780,27.38888888888889
2781,26.77777777777778
2782,27.22222222222222
2783,27.444444444444446
2784,27.11111111111111
2785,26.611111111111114
2786,26.611111111111114
2787,26.77777777777778
2788,26.55555555555556
2789,26.27777777777778
2790,26.166666666666664
2791,26.333333333333336
2792,26.55555555555556
2793,26.22222222222222
2794,26.444444444444443
2795,26.83333333333333
2796,27.666666666666668
2797,26.888888888888893
2798,27.0
2799,27.22222222222222
2800,26.944444444444443
2801,26.944444444444443
2802,26.77777777777778
2803,26.83333333333333
2804,27.05555555555556
2805,27.11111111111111
2806,27.5
2807,27.16666666666667
2808,27.38888888888889
2809,27.944444444444443
2810,27.77777777777778
2811,28.22222222222222
2812,28.000000000000004
2813,27.55555555555556
2814,27.83333333333333
2815,28.33333333333333
2816,28.000000000000004
2817,27.83333333333333
2818,28.05555555555556
2819,28.000000000000004
2820,28.33333333333333
2821,28.22222222222222
2822,28.000000000000004
2823,27.55555555555556
2824,27.83333333333333
2825,27.666666666666668
2826,27.722222222222225
2827,27.38888888888889
2828,27.11111111111111
2829,27.11111111111111
2830,27.22222222222222
2831,27.38888888888889
2832,27.55555555555556
2833,27.27777777777777
2834,27.666666666666668
2835,27.83333333333333
2836,27.88888888888889
2837,27.722222222222225
2838,27.5
2839,27.61111111111111
2840,28.000000000000004
2841,27.5
2842,26.55555555555556
2843,26.888888888888893
2844,25.944444444444443
2845,25.72222222222222
2846,26.333333333333336
2847,27.05555555555556
2848,27.0
2849,26.72222222222221
2850,26.72222222222221
2851,26.38888888888889
2852,26.38888888888889
2853,26.27777777777778
2854,26.5
2855,26.27777777777778
2856,25.72222222222222
2857,26.22222222222222
2858,25.83333333333333
2859,25.944444444444443
2860,25.944444444444443
2861,24.77777777777777
2862,23.77777777777778
2863,24.27777777777778
2864,25.0
2865,24.166666666666668
2866,22.77777777777778
2867,24.61111111111111
2868,24.83333333333333
2869,23.833333333333336
2870,24.0
2871,24.72222222222222
2872,25.55555555555556
2873,24.444444444444443
2874,24.5
2875,25.0
2876,23.666666666666664
2877,22.666666666666668
2878,22.11111111111111
2879,23.000000000000004
2880,23.944444444444443
2881,23.38888888888889
2882,22.38888888888889
2883,22.722222222222225
2884,23.111111111111107
2885,23.166666666666668
2886,24.444444444444443
2887,25.11111111111111
2888,24.5
2889,24.0
2890,23.444444444444443
2891,24.0
2892,24.166666666666668
2893,23.55555555555556
2894,21.38888888888889
2895,19.33333333333333
2896,21.888888888888893
2897,24.388888888888893
2898,23.111111111111107
2899,22.61111111111111
2900,22.944444444444443
2901,22.88888888888889
2902,22.77777777777778
2903,22.27777777777777
2904,22.11111111111111
2905,21.05555555555556
2906,19.111111111111114
2907,20.05555555555556
2908,19.0
2909,17.88888888888889
2910,18.05555555555556
2911,18.61111111111111
2912,17.944444444444443
2913,18.38888888888889
2914,18.000000000000004
2915,19.111111111111114
2916,18.88888888888889
2917,18.88888888888889
2918,22.38888888888889
2919,22.5
2920,19.944444444444446
2921,18.33333333333333
2922,17.666666666666668
2923,17.11111111111111
2924,16.555555555555557
2925,16.666666666666668
2926,17.333333333333332
2927,18.277777777777786
2928,15.11111111111111
2929,16.5
2930,14.000000000000002
2931,13.88888888888889
2932,14.5
2933,16.22222222222222
2934,16.27777777777778
2935,16.0
2936,16.27777777777778
2937,17.555555555555557
2938,18.444444444444443
2939,19.5
2940,20.666666666666668
2941,18.88888888888889
2942,17.61111111111111
2943,18.77777777777778
2944,14.666666666666666
2945,13.722222222222223
2946,12.055555555555555
2947,14.333333333333334
2948,15.055555555555555
2949,14.333333333333334
2950,14.72222222222222
2951,15.77777777777778
2952,14.166666666666666
2953,13.555555555555555
2954,13.0
2955,14.333333333333334
2956,16.72222222222222
2957,14.333333333333334
2958,13.777777777777777
2959,14.833333333333334
2960,14.333333333333334
2961,13.555555555555555
2962,15.77777777777778
2963,14.72222222222222
2964,13.666666666666666
2965,11.055555555555555
2966,12.5
2967,12.555555555555555
2968,14.61111111111111
2969,13.38888888888889
2970,13.333333333333334
2971,14.11111111111111
2972,15.5
2973,16.555555555555557
2974,14.944444444444445
2975,13.499999999999998
2976,13.944444444444445
2977,14.055555555555554
2978,14.666666666666666
2979,17.055555555555557
2980,14.22222222222222
2981,12.833333333333334
2982,13.333333333333334
2983,12.944444444444445
2984,13.833333333333334
2985,13.333333333333334
2986,15.444444444444445
2987,15.38888888888889
2988,14.944444444444445
2989,13.27777777777778
2990,14.000000000000002
2991,12.333333333333336
2992,13.555555555555555
2993,13.11111111111111
2994,14.61111111111111
2995,14.27777777777778
2996,14.38888888888889
2997,14.27777777777778
2998,16.0
2999,16.666666666666668
3000,14.944444444444445
3001,15.11111111111111
3002,11.222222222222223
3003,11.77777777777778
3004,12.666666666666664
3005,13.944444444444445
3006,14.666666666666666
3007,13.88888888888889
3008,13.555555555555555
3009,14.444444444444445
3010,12.333333333333336
3011,12.72222222222222
3012,15.055555555555555
3013,16.555555555555557
3014,15.0
3015,15.27777777777778
3016,19.444444444444443
3017,24.0
3018,19.77777777777777
3019,18.22222222222222
3020,23.55555555555556
3021,31.05555555555556
3022,21.05555555555556
3023,15.055555555555555
3024,14.833333333333334
3025,13.722222222222223
3026,14.11111111111111
3027,14.27777777777778
3028,15.22222222222222
3029,15.61111111111111
3030,14.77777777777778
3031,15.333333333333334
3032,15.055555555555555
3033,13.27777777777778
3034,13.88888888888889
3035,15.5
3036,13.499999999999998
3037,14.166666666666666
3038,15.22222222222222
3039,20.777777777777786
3040,25.27777777777778
3041,18.944444444444443
3042,16.88888888888889
3043,16.5
3044,18.77777777777778
3045,18.277777777777786
3046,18.33333333333333
3047,18.55555555555556
3048,18.22222222222222
3049,18.444444444444443
3050,20.0
3051,17.5
3052,17.444444444444443
3053,16.444444444444443
3054,16.0
3055,16.38888888888889
3056,17.22222222222222
3057,18.22222222222222
3058,17.22222222222222
3059,17.666666666666668
3060,18.72222222222222
3061,17.77777777777778
3062,18.111111111111107
3063,18.33333333333333
3064,18.22222222222222
3065,17.666666666666668
3066,17.333333333333332
3067,19.66666666666667
3068,19.61111111111111
3069,19.05555555555556
3070,18.88888888888889
3071,17.88888888888889
3072,18.111111111111107
3073,22.05555555555556
3074,23.5
3075,23.666666666666664
3076,20.166666666666668
3077,19.27777777777778
3078,19.166666666666668
3079,21.944444444444443
3080,19.61111111111111
3081,19.83333333333333
3082,19.61111111111111
3083,25.72222222222222
3084,21.666666666666668
3085,21.05555555555556
3086,23.666666666666664
3087,24.61111111111111
3088,20.666666666666668
3089,20.55555555555556
3090,20.222222222222225
3091,23.166666666666668
3092,20.611111111111107
3093,20.777777777777786
3094,20.500000000000004
3095,20.83333333333333
3096,22.5
3097,20.72222222222222
3098,20.500000000000004
3099,20.72222222222222
3100,20.0
3101,20.0
3102,20.444444444444443
3103,20.72222222222222
3104,21.77777777777778
3105,21.611111111111114
3106,21.333333333333336
3107,25.444444444444443
3108,22.27777777777777
3109,21.944444444444443
3110,22.0
3111,21.77777777777778
3112,22.33333333333333
3113,24.166666666666668
3114,23.666666666666664
3115,23.444444444444443
3116,23.166666666666668
3117,23.277777777777786
3118,23.444444444444443
3119,23.666666666666664
3120,23.5
3121,23.61111111111111
3122,24.05555555555556
3123,24.88888888888889
3124,24.944444444444446
3125,26.5
3126,25.05555555555556
3127,25.166666666666668
3128,25.222222222222225
3129,24.388888888888893
3130,25.666666666666668
3131,25.33333333333333
3132,25.611111111111107
3133,25.05555555555556
3134,25.611111111111107
3135,24.77777777777777
3136,26.11111111111111
3137,24.55555555555556
3138,26.05555555555556
3139,26.444444444444443
3140,26.11111111111111
3141,26.666666666666668
3142,27.05555555555556
3143,27.05555555555556
3144,27.0
3145,27.33333333333333
3146,27.27777777777777
3147,26.611111111111114
3148,26.77777777777778
3149,28.38888888888889
3150,27.444444444444446
3151,27.88888888888889
3152,27.33333333333333
3153,26.83333333333333
3154,27.722222222222225
3155,27.88888888888889
3156,27.27777777777777
3157,26.77777777777778
3158,26.888888888888893
3159,26.72222222222221
3160,26.83333333333333
3161,26.83333333333333
3162,27.55555555555556
3163,27.444444444444446
3164,28.55555555555556
3165,28.22222222222222
3166,27.83333333333333
3167,27.55555555555556
3168,28.111111111111107
3169,27.5
3170,27.944444444444443
3171,26.944444444444443
3172,27.5
3173,27.61111111111111
3174,27.666666666666668
3175,27.5
3176,27.16666666666667
3177,27.61111111111111
3178,27.61111111111111
3179,27.22222222222222
3180,27.61111111111111
3181,27.444444444444446
3182,27.38888888888889
3183,27.38888888888889
3184,27.722222222222225
3185,27.16666666666667
3186,26.72222222222221
3187,27.5
3188,27.11111111111111
3189,28.277777777777786
3190,27.666666666666668
3191,28.166666666666668
3192,26.83333333333333
3193,27.722222222222225
3194,28.5
3195,27.38888888888889
3196,26.944444444444443
3197,26.666666666666668
3198,26.72222222222221
3199,27.22222222222222
3200,27.666666666666668
3201,28.000000000000004
3202,27.0
3203,27.22222222222222
3204,26.166666666666664
3205,27.27777777777777
3206,26.0
3207,25.55555555555556
3208,26.0
3209,25.611111111111107
3210,24.944444444444446
3211,26.83333333333333
3212,26.22222222222222
3213,26.444444444444443
3214,25.666666666666668
3215,26.444444444444443
3216,27.444444444444446
3217,27.05555555555556
3218,26.888888888888893
3219,28.22222222222222
3220,25.777777777777786
3221,24.72222222222222
3222,24.05555555555556
3223,24.33333333333333
3224,24.66666666666667
3225,27.83333333333333
3226,25.83333333333333
3227,25.33333333333333
3228,25.27777777777778
3229,26.11111111111111
3230,25.166666666666668
3231,24.5
3232,24.111111111111114
3233,24.05555555555556
3234,24.66666666666667
3235,24.77777777777777
3236,24.166666666666668
3237,23.111111111111107
3238,23.000000000000004
3239,25.83333333333333
3240,25.611111111111107
3241,25.38888888888889
3242,24.61111111111111
3243,23.5
3244,23.33333333333333
3245,23.38888888888889
3246,22.722222222222225
3247,22.444444444444446
3248,22.05555555555556
3249,24.5
3250,22.5
3251,21.11111111111111
3252,21.22222222222222
3253,27.61111111111111
3254,24.0
3255,21.888888888888893
3256,20.222222222222225
3257,17.72222222222222
3258,18.5
3259,19.66666666666667
3260,17.166666666666668
3261,15.5
3262,14.833333333333334
3263,16.38888888888889
3264,16.27777777777778
3265,15.61111111111111
3266,14.555555555555555
3267,15.166666666666666
3268,15.0
3269,16.166666666666668
3270,17.11111111111111
3271,17.0
3272,17.055555555555557
3273,16.61111111111111
3274,15.22222222222222
3275,14.333333333333334
3276,14.77777777777778
3277,15.055555555555555
3278,14.77777777777778
3279,13.055555555555555
3280,12.055555555555555
3281,12.333333333333336
3282,10.999999999999998
3283,9.055555555555554
3284,10.61111111111111
3285,14.22222222222222
3286,16.77777777777778
3287,14.555555555555555
3288,14.88888888888889
3289,14.944444444444445
3290,13.833333333333334
3291,11.944444444444445
3292,13.055555555555555
3293,13.777777777777777
3294,15.166666666666666
3295,16.88888888888889
3296,15.22222222222222
3297,15.22222222222222
3298,15.944444444444445
3299,15.555555555555555
3300,14.000000000000002
3301,13.499999999999998
3302,13.27777777777778
3303,13.27777777777778
3304,12.77777777777778
3305,13.88888888888889
3306,13.833333333333334
3307,14.555555555555555
3308,10.555555555555555
3309,15.166666666666666
3310,15.27777777777778
3311,14.61111111111111
3312,13.61111111111111
3313,14.11111111111111
3314,16.166666666666668
3315,19.72222222222222
3316,20.88888888888889
3317,16.555555555555557
3318,15.444444444444445
3319,14.166666666666666
3320,14.000000000000002
3321,14.000000000000002
3322,12.833333333333334
3323,12.27777777777778
3324,10.77777777777778
3325,10.22222222222222
3326,9.611111111111107
3327,10.0
3328,10.388888888888893
3329,13.166666666666668
3330,18.77777777777778
3331,17.333333333333332
3332,19.33333333333333
3333,17.333333333333332
3334,15.27777777777778
3335,14.000000000000002
3336,14.5
3337,17.0
3338,15.61111111111111
3339,16.22222222222222
3340,17.666666666666668
3341,16.77777777777778
3342,25.27777777777778
3343,21.38888888888889
3344,16.61111111111111
3345,14.38888888888889
3346,17.38888888888889
3347,15.166666666666666
3348,17.444444444444443
3349,16.166666666666668
3350,14.444444444444445
3351,14.72222222222222
3352,13.833333333333334
3353,10.72222222222222
3354,13.61111111111111
3355,15.0
3356,16.5
3357,17.0
3358,14.77777777777778
3359,15.166666666666666
3360,16.444444444444443
3361,16.5
3362,16.61111111111111
3363,16.944444444444443
3364,15.833333333333334
3365,16.166666666666668
3366,16.27777777777778
3367,17.38888888888889
3368,17.22222222222222
3369,24.77777777777777
3370,19.33333333333333
3371,17.444444444444443
3372,16.27777777777778
3373,15.166666666666666
3374,15.11111111111111
3375,15.833333333333334
3376,22.83333333333333
3377,24.166666666666668
3378,18.666666666666664
3379,19.388888888888893
3380,23.277777777777786
3381,31.38888888888889
3382,21.5
3383,18.61111111111111
3384,18.000000000000004
3385,18.000000000000004
3386,23.166666666666668
3387,18.444444444444443
3388,24.61111111111111
3389,20.777777777777786
3390,18.77777777777778
3391,18.55555555555556
3392,18.833333333333336
3393,19.33333333333333
3394,18.666666666666664
3395,18.77777777777778
3396,20.0
3397,19.0
3398,18.5
3399,21.666666666666668
3400,22.83333333333333
3401,22.5
3402,21.0
3403,19.77777777777777
3404,21.166666666666664
3405,21.55555555555556
3406,23.000000000000004
3407,23.166666666666668
3408,21.611111111111114
3409,22.5
3410,21.77777777777778
3411,22.666666666666668
3412,24.166666666666668
3413,23.88888888888889
3414,23.05555555555556
3415,22.61111111111111
3416,22.666666666666668
3417,22.944444444444443
3418,22.55555555555556
3419,24.0
3420,24.77777777777777
3421,24.166666666666668
3422,24.05555555555556
3423,22.88888888888889
3424,23.833333333333336
3425,24.166666666666668
3426,23.444444444444443
3427,24.27777777777778
3428,22.77777777777778
3429,24.944444444444446
3430,25.27777777777778
3431,24.61111111111111
3432,24.83333333333333
3433,25.500000000000004
3434,25.222222222222225
3435,25.500000000000004
3436,25.27777777777778
3437,25.0
3438,25.222222222222225
3439,25.38888888888889
3440,26.5
3441,25.0
3442,26.333333333333336
3443,26.5
3444,25.666666666666668
3445,25.27777777777778
3446,25.0
3447,25.222222222222225
3448,25.27777777777778
3449,25.72222222222222
3450,25.0
3451,26.0
3452,26.444444444444443
3453,26.5
3454,26.38888888888889
3455,26.611111111111114
3456,25.83333333333333
3457,25.83333333333333
3458,26.38888888888889
3459,26.55555555555556
3460,26.333333333333336
3461,28.000000000000004
3462,27.33333333333333
3463,28.166666666666668
3464,27.5
3465,26.333333333333336
3466,27.83333333333333
3467,27.77777777777778
3468,28.666666666666668
3469,29.72222222222222
3470,28.22222222222222
3471,28.77777777777778
3472,28.38888888888889
3473,28.33333333333333
3474,27.944444444444443
3475,28.666666666666668
3476,28.166666666666668
3477,28.61111111111111
3478,28.55555555555556
3479,28.77777777777778
3480,28.88888888888889
3481,28.77777777777778
3482,29.55555555555556
3483,29.61111111111111
3484,28.83333333333333
3485,28.83333333333333
3486,28.77777777777778
3487,28.05555555555556
3488,28.83333333333333
3489,29.27777777777778
3490,29.666666666666668
3491,29.55555555555556
3492,28.72222222222222
3493,28.944444444444443
3494,28.22222222222222
3495,28.33333333333333
3496,28.77777777777778
3497,28.88888888888889
3498,29.38888888888889
3499,29.27777777777778
3500,29.5
3501,28.72222222222222
3502,28.61111111111111
3503,28.72222222222222
3504,28.55555555555556
3505,29.0
3506,29.33333333333333
3507,29.05555555555556
3508,29.27777777777778
3509,29.11111111111111
3510,28.55555555555556
3511,28.22222222222222
3512,28.5
3513,28.444444444444443
3514,27.666666666666668
3515,27.5
3516,27.722222222222225
3517,27.27777777777777
3518,27.0
3519,27.5
3520,27.55555555555556
3521,27.27777777777777
3522,27.55555555555556
3523,28.111111111111107
3524,28.111111111111107
3525,28.000000000000004
3526,27.722222222222225
3527,28.05555555555556
3528,28.444444444444443
3529,27.77777777777778
3530,27.61111111111111
3531,26.77777777777778
3532,27.05555555555556
3533,27.722222222222225
3534,27.38888888888889
3535,26.944444444444443
3536,26.11111111111111
3537,26.444444444444443
3538,25.500000000000004
3539,24.5
3540,24.66666666666667
3541,25.611111111111107
3542,25.611111111111107
3543,25.500000000000004
3544,26.05555555555556
3545,27.722222222222225
3546,26.27777777777778
3547,24.77777777777777
3548,24.83333333333333
3549,24.111111111111114
3550,20.777777777777786
3551,22.666666666666668
3552,22.22222222222222
3553,20.944444444444443
3554,21.611111111111114
3555,26.55555555555556
3556,24.444444444444443
3557,22.27777777777777
3558,22.61111111111111
3559,22.16666666666667
3560,21.888888888888893
3561,19.72222222222222
3562,19.22222222222221
3563,19.166666666666668
3564,19.83333333333333
3565,20.88888888888889
3566,20.0
3567,20.11111111111111
3568,19.5
3569,19.22222222222221
3570,18.666666666666664
3571,19.27777777777778
3572,18.38888888888889
3573,17.11111111111111
3574,18.77777777777778
3575,20.11111111111111
3576,18.33333333333333
3577,18.666666666666664
3578,19.72222222222222
3579,19.27777777777778
3580,21.444444444444443
3581,18.22222222222222
3582,16.555555555555557
3583,20.611111111111107
3584,20.55555555555556
3585,20.166666666666668
3586,19.33333333333333
3587,20.666666666666668
3588,22.5
3589,22.88888888888889
3590,19.88888888888889
3591,18.444444444444443
3592,19.388888888888893
3593,20.166666666666668
3594,19.944444444444446
3595,20.27777777777778
3596,19.444444444444443
3597,17.944444444444443
3598,19.111111111111114
3599,20.222222222222225
3600,16.833333333333332
3601,17.166666666666668
3602,17.88888888888889
3603,16.5
3604,14.5
3605,15.22222222222222
3606,16.444444444444443
3607,15.38888888888889
3608,12.77777777777778
3609,14.166666666666666
3610,13.11111111111111
3611,14.000000000000002
3612,16.166666666666668
3613,15.555555555555555
3614,16.444444444444443
3615,16.944444444444443
3616,16.055555555555557
3617,19.33333333333333
3618,20.666666666666668
3619,20.27777777777778
3620,17.27777777777778
3621,16.88888888888889
3622,15.88888888888889
3623,15.11111111111111
3624,14.333333333333334
3625,11.72222222222222
3626,12.388888888888888
3627,11.61111111111111
3628,11.277777777777777
3629,10.999999999999998
3630,11.77777777777778
3631,12.72222222222222
3632,14.11111111111111
3633,13.722222222222223
3634,15.5
3635,15.77777777777778
3636,15.555555555555555
3637,16.944444444444443
3638,15.833333333333334
3639,15.61111111111111
3640,15.333333333333334
3641,14.88888888888889
3642,14.88888888888889
3643,13.944444444444445
3644,12.77777777777778
3645,13.22222222222222
3646,15.055555555555555
3647,18.88888888888889
3648,16.88888888888889
3649,17.444444444444443
3650,15.72222222222222
3651,15.38888888888889
3652,18.05555555555556
3653,15.833333333333334
3654,14.000000000000002
3655,15.055555555555555
3656,16.27777777777778
3657,16.444444444444443
3658,14.000000000000002
3659,13.333333333333334
3660,13.166666666666668
3661,13.722222222222223
3662,16.77777777777778
3663,18.666666666666664
3664,16.833333333333332
3665,17.055555555555557
3666,16.555555555555557
3667,20.33333333333333
3668,23.166666666666668
3669,18.444444444444443
3670,16.833333333333332
3671,17.27777777777778
3672,17.944444444444443
3673,17.5
3674,16.944444444444443
3675,16.833333333333332
3676,23.77777777777778
3677,18.38888888888889
3678,15.11111111111111
3679,15.11111111111111
3680,16.22222222222222
3681,16.5
3682,18.666666666666664
3683,18.77777777777778
3684,17.5
3685,16.944444444444443
3686,17.0
3687,16.61111111111111
3688,19.27777777777778
3689,17.5
3690,21.72222222222221
3691,18.111111111111107
3692,19.111111111111114
3693,21.944444444444443
3694,18.05555555555556
3695,18.166666666666668
3696,16.88888888888889
3697,17.944444444444443
3698,17.77777777777778
3699,18.944444444444443
3700,18.277777777777786
3701,18.277777777777786
3702,17.88888888888889
3703,19.88888888888889
3704,16.88888888888889
3705,17.61111111111111
3706,17.666666666666668
3707,20.55555555555556
3708,19.388888888888893
3709,18.77777777777778
3710,18.38888888888889
3711,22.444444444444446
3712,23.444444444444443
3713,20.166666666666668
3714,16.72222222222222
3715,18.833333333333336
3716,20.444444444444443
3717,20.11111111111111
3718,21.83333333333333
3719,20.222222222222225
3720,26.38888888888889
3721,21.11111111111111
3722,19.5
3723,19.88888888888889
3724,19.5
3725,19.61111111111111
3726,23.111111111111107
3727,25.38888888888889
3728,21.22222222222222
3729,21.72222222222221
3730,21.0
3731,20.83333333333333
3732,20.444444444444443
3733,22.666666666666668
3734,24.05555555555556
3735,21.0
3736,20.222222222222225
3737,20.33333333333333
3738,21.38888888888889
3739,22.27777777777777
3740,21.05555555555556
3741,22.11111111111111
3742,21.55555555555556
3743,21.55555555555556
3744,21.72222222222221
3745,21.944444444444443
3746,21.666666666666668
3747,22.55555555555556
3748,22.16666666666667
3749,22.944444444444443
3750,22.61111111111111
3751,23.55555555555556
3752,25.0
3753,24.77777777777777
3754,24.111111111111114
3755,23.666666666666664
3756,24.444444444444443
3757,24.83333333333333
3758,24.77777777777777
3759,25.72222222222222
3760,25.83333333333333
3761,26.27777777777778
3762,27.22222222222222
3763,27.16666666666667
3764,25.83333333333333
3765,24.5
3766,24.444444444444443
3767,25.444444444444443
3768,25.83333333333333
3769,24.88888888888889
3770,24.77777777777777
3771,24.944444444444446
3772,25.166666666666668
3773,25.222222222222225
3774,24.55555555555556
3775,24.77777777777777
3776,26.0
3777,25.55555555555556
3778,25.11111111111111
3779,25.11111111111111
3780,25.666666666666668
3781,26.11111111111111
3782,26.05555555555556
3783,26.444444444444443
3784,26.22222222222222
3785,26.38888888888889
3786,26.38888888888889
3787,26.55555555555556
3788,26.72222222222221
3789,27.33333333333333
3790,27.38888888888889
3791,27.444444444444446
3792,26.72222222222221
3793,26.944444444444443
3794,27.88888888888889
3795,27.0
3796,26.888888888888893
3797,26.666666666666668
3798,26.55555555555556
3799,27.16666666666667
3800,27.61111111111111
3801,27.61111111111111
3802,27.61111111111111
3803,26.944444444444443
3804,27.11111111111111
3805,27.722222222222225
3806,27.5
3807,26.888888888888893
3808,26.666666666666668
3809,26.83333333333333
3810,27.55555555555556
3811,27.33333333333333
3812,27.16666666666667
3813,27.77777777777778
3814,27.33333333333333
3815,27.22222222222222
3816,27.33333333333333
3817,27.55555555555556
3818,26.944444444444443
3819,26.77777777777778
3820,26.888888888888893
3821,27.05555555555556
3822,27.16666666666667
3823,27.444444444444446
3824,27.444444444444446
3825,28.111111111111107
3826,27.722222222222225
3827,27.33333333333333
3828,27.444444444444446
3829,27.944444444444443
3830,28.000000000000004
3831,27.55555555555556
3832,26.888888888888893
3833,27.33333333333333
3834,27.944444444444443
3835,27.83333333333333
3836,28.944444444444443
3837,28.88888888888889
3838,28.83333333333333
3839,29.33333333333333
3840,28.88888888888889
3841,27.55555555555556
3842,29.38888888888889
3843,28.22222222222222
3844,28.72222222222222
3845,28.444444444444443
3846,28.88888888888889
3847,28.166666666666668
3848,28.111111111111107
3849,27.944444444444443
3850,26.944444444444443
3851,26.944444444444443
3852,27.55555555555556
3853,27.38888888888889
3854,26.77777777777778
3855,26.888888888888893
3856,27.05555555555556
3857,28.5
3858,28.277777777777786
3859,28.000000000000004
3860,27.33333333333333
3861,27.666666666666668
3862,27.27777777777777
3863,26.72222222222221
3864,26.27777777777778
3865,25.72222222222222
3866,25.88888888888889
3867,25.72222222222222
3868,24.83333333333333
3869,27.05555555555556
3870,29.05555555555556
3871,27.05555555555556
3872,26.72222222222221
3873,25.72222222222222
3874,25.72222222222222
3875,25.666666666666668
3876,25.38888888888889
3877,25.500000000000004
3878,25.944444444444443
3879,25.88888888888889
3880,24.77777777777777
3881,24.05555555555556
3882,26.38888888888889
3883,26.22222222222222
3884,26.05555555555556
3885,26.27777777777778
3886,24.66666666666667
3887,23.05555555555556
3888,23.111111111111107
3889,24.944444444444446
3890,24.72222222222222
3891,23.444444444444443
3892,23.277777777777786
3893,23.277777777777786
3894,23.38888888888889
3895,23.33333333333333
3896,22.666666666666668
3897,23.22222222222222
3898,17.444444444444443
3899,24.5
3900,20.777777777777786
3901,22.22222222222222
3902,17.333333333333332
3903,18.833333333333336
3904,18.5
3905,20.0
3906,19.5
3907,20.222222222222225
3908,20.222222222222225
3909,20.0
3910,19.27777777777778
3911,19.22222222222221
3912,19.5
3913,19.77777777777777
3914,21.22222222222222
3915,20.500000000000004
3916,18.666666666666664
3917,19.77777777777777
3918,19.77777777777777
3919,21.27777777777778
3920,20.0
3921,16.77777777777778
3922,17.77777777777778
3923,17.22222222222222
3924,18.000000000000004
3925,16.77777777777778
3926,16.61111111111111
3927,15.5
3928,20.33333333333333
3929,18.000000000000004
3930,16.833333333333332
3931,16.5
3932,14.944444444444445
3933,14.000000000000002
3934,15.333333333333334
3935,15.38888888888889
3936,17.0
3937,17.22222222222222
3938,18.000000000000004
3939,14.5
3940,13.777777777777777
3941,13.22222222222222
3942,9.77777777777778
3943,11.72222222222222
3944,11.38888888888889
3945,11.055555555555555
3946,13.166666666666668
3947,13.055555555555555
3948,12.833333333333334
3949,13.833333333333334
3950,13.666666666666666
3951,13.722222222222223
3952,13.444444444444446
3953,13.666666666666666
3954,13.88888888888889
3955,13.166666666666668
3956,12.388888888888888
3957,12.666666666666664
3958,13.055555555555555
3959,12.77777777777778
3960,13.27777777777778
3961,13.11111111111111
3962,11.444444444444445
3963,12.111111111111107
3964,13.055555555555555
3965,14.444444444444445
3966,12.444444444444445
3967,13.777777777777777
3968,15.444444444444445
3969,15.61111111111111
3970,14.11111111111111
3971,14.77777777777778
3972,15.61111111111111
3973,14.444444444444445
3974,13.88888888888889
3975,15.61111111111111
3976,13.61111111111111
3977,13.38888888888889
3978,14.666666666666666
3979,13.166666666666668
3980,14.166666666666666
3981,12.666666666666664
3982,13.166666666666668
3983,13.38888888888889
3984,13.666666666666666
3985,14.333333333333334
3986,14.5
3987,15.61111111111111
3988,15.166666666666666
3989,16.0
3990,16.22222222222222
3991,15.61111111111111
3992,15.38888888888889
3993,15.5
3994,14.444444444444445
3995,14.333333333333334
3996,16.88888888888889
3997,17.166666666666668
3998,16.055555555555557
3999,17.83333333333333
4000,17.27777777777778
4001,16.11111111111111
4002,15.055555555555555
4003,15.555555555555555
4004,14.666666666666666
4005,15.833333333333334
4006,15.5
4007,15.555555555555555
4008,16.72222222222222
4009,15.444444444444445
4010,15.944444444444445
4011,17.22222222222222
4012,18.5
4013,17.5
4014,16.72222222222222
4015,15.22222222222222
4016,12.888888888888893
4017,13.944444444444445
4018,15.555555555555555
4019,14.555555555555555
4020,15.333333333333334
4021,17.27777777777778
4022,18.33333333333333
4023,26.83333333333333
4024,17.944444444444443
4025,16.38888888888889
4026,15.72222222222222
4027,16.333333333333332
4028,15.833333333333334
4029,14.000000000000002
4030,18.166666666666668
4031,15.166666666666666
4032,17.555555555555557
4033,17.444444444444443
4034,17.0
4035,16.333333333333332
4036,24.66666666666667
4037,19.77777777777777
4038,23.111111111111107
4039,18.72222222222222
4040,17.444444444444443
4041,16.88888888888889
4042,17.61111111111111
4043,17.38888888888889
4044,17.444444444444443
4045,18.55555555555556
4046,18.000000000000004
4047,17.944444444444443
4048,17.77777777777778
4049,17.77777777777778
4050,16.72222222222222
4051,18.111111111111107
4052,20.666666666666668
4053,22.444444444444446
4054,18.666666666666664
4055,19.27777777777778
4056,19.33333333333333
4057,19.55555555555556
4058,19.61111111111111
4059,19.27777777777778
4060,19.111111111111114
4061,17.555555555555557
4062,21.166666666666664
4063,26.38888888888889
4064,21.666666666666668
4065,20.166666666666668
4066,20.72222222222222
4067,22.722222222222225
4068,22.22222222222222
4069,29.666666666666668
4070,22.33333333333333
4071,22.0
4072,21.166666666666664
4073,20.83333333333333
4074,21.05555555555556
4075,21.611111111111114
4076,21.333333333333336
4077,21.77777777777778
4078,21.611111111111114
4079,23.72222222222222
4080,21.83333333333333
4081,21.333333333333336
4082,21.11111111111111
4083,21.666666666666668
4084,22.88888888888889
4085,22.05555555555556
4086,22.666666666666668
4087,22.5
4088,25.72222222222222
4089,23.944444444444443
4090,23.166666666666668
4091,22.722222222222225
4092,22.38888888888889
4093,22.27777777777777
4094,23.444444444444443
4095,23.33333333333333
4096,23.72222222222222
4097,23.88888888888889
4098,23.88888888888889
4099,23.38888888888889
4100,27.16666666666667
4101,24.33333333333333
4102,24.05555555555556
4103,24.388888888888893
4104,24.388888888888893
4105,24.111111111111114
4106,24.22222222222221
4107,24.33333333333333
4108,24.55555555555556
4109,25.05555555555556
4110,25.55555555555556
4111,25.500000000000004
4112,25.72222222222222
4113,26.166666666666664
4114,27.61111111111111
4115,26.38888888888889
4116,26.666666666666668
4117,27.11111111111111
4118,28.33333333333333
4119,28.277777777777786
4120,27.5
4121,27.0
4122,26.166666666666664
4123,26.27777777777778
4124,26.5
4125,26.5
4126,26.05555555555556
4127,26.5
4128,27.0
4129,26.944444444444443
4130,27.16666666666667
4131,26.444444444444443
4132,26.5
4133,26.72222222222221
4134,27.16666666666667
4135,26.944444444444443
4136,28.444444444444443
4137,27.27777777777777
4138,27.666666666666668
4139,27.5
4140,27.33333333333333
4141,27.11111111111111
4142,27.83333333333333
4143,28.444444444444443
4144,28.166666666666668
4145,28.666666666666668
4146,28.444444444444443
4147,28.61111111111111
4148,29.22222222222222
4149,29.444444444444443
4150,29.5
4151,29.27777777777778
4152,28.88888888888889
4153,28.5
4154,28.61111111111111
4155,28.33333333333333
4156,27.944444444444443
4157,27.88888888888889
4158,28.166666666666668
4159,27.722222222222225
4160,27.83333333333333
4161,27.55555555555556
4162,28.33333333333333
4163,28.166666666666668
4164,27.5
4165,27.5
4166,27.5
4167,27.61111111111111
4168,27.61111111111111
4169,27.83333333333333
4170,27.666666666666668
4171,27.27777777777777
4172,27.77777777777778
4173,28.111111111111107
4174,28.5
4175,28.444444444444443
4176,27.88888888888889
4177,28.5
4178,28.72222222222222
4179,28.38888888888889
4180,28.61111111111111
4181,28.22222222222222
4182,28.55555555555556
4183,28.38888888888889
4184,28.83333333333333
4185,28.55555555555556
4186,28.61111111111111
4187,29.0
4188,28.166666666666668
4189,27.11111111111111
4190,26.5
4191,26.38888888888889
4192,26.5
4193,26.5
4194,26.444444444444443
4195,26.666666666666668
